[2026-08-28T22:51:52.643Z] GET https://pypi.org/project/sibyl-memory-client/ → 200 (574ms, ?B)
[2026-08-28T22:51:53.238Z] GET https://pypi.org/_fs-ch-1T1wmsGaOgGaSxcX/assets/inter-var.woff2 → 200 (322ms, 78584B)
[2026-08-28T22:51:53.238Z] GET https://pypi.org/_fs-ch-1T1wmsGaOgGaSxcX/assets/styles.css → 200 (139ms, 1271B)
[2026-08-28T22:51:53.383Z] GET https://pypi.org/_fs-ch-1T1wmsGaOgGaSxcX/errors.js → 200 (170ms, 1780B)
[2026-08-28T22:51:53.556Z] GET https://pypi.org/_fs-ch-1T1wmsGaOgGaSxcX/script.js?reload=true → 200 (155ms, 46619B)
[2026-08-28T22:51:53.722Z] POST https://pypi.org/_fs-ch-1T1wmsGaOgGaSxcX/pat?token=AaylMOhjDYIDpIHhRvDnObZHKbrSWOPZubF1NpR-siNXLfGP4PmfFrNjiI_ukeIO-Gt_j5P27ENV7G55DpyXj_IzvGqlDgWrVX_grvdQb8X9pVirpt9jTy-qL41IxuOF-XgPEWMNyTcn9R3M0zPlIDavte7W4PzRIuDCJv9rS8u5jCl0juEvTVA4W0pGfVK2Pc0vaebnLSUUrlZphoPyrG2Tpst0JNeJWzeZGmHYMWirVNG3j7DiDGYsyIiaOrF_CGOdnwCCuJY8cHf9NM19R5KDTso4oYuTeILtQH8HY0uZCpwJHtZJxYKw2JVenoE6SyR8t-54tof2nEvGUERRJvuCDaZBKs_v4yye9_iB_bH6ataRZzM3IuDKp7qjFYJ4FbBKbnG0m5_Uk4iFfHtVfP3RcLdYnW3IJ8ElASMNhW4zNMIO0Mtv2GTCKwSf5A== → 401 (139ms, ?B)
[2026-08-28T22:51:53.866Z] POST https://pypi.org/_fs-ch-1T1wmsGaOgGaSxcX/fst-post-back → 200 (135ms, 803B)
[2026-08-28T22:51:54.004Z] GET https://pypi.org/fastly/logo → 404 (130ms, 3889B)
[2026-08-28T22:51:54.204Z] POST https://pypi.org/_fs-ch-1T1wmsGaOgGaSxcX/fst-post-back → pending (?ms, ?B)
[2026-08-28T22:51:54.372Z] GET https://pypi.org/fastly/logo → 404 (132ms, 1986B)
[2026-08-28T22:52:18.537Z] GET https://github.com/Sibyl-Labs/Sibyl-Memory → pending (?ms, ?B)
[2026-08-28T22:52:19.539Z] GET https://github.githubassets.com/assets/light-99f877e9ddfc0e51.css → 200 (440ms, 7248B)
[2026-08-28T22:52:19.539Z] GET https://github.githubassets.com/assets/light_high_contrast-48fdd0811afbab3c.css → 200 (440ms, 7685B)
[2026-08-28T22:52:19.539Z] GET https://github.githubassets.com/assets/dark-79ad2ace604703b3.css → 200 (591ms, 7503B)
[2026-08-28T22:52:19.540Z] GET https://github.githubassets.com/assets/dark_high_contrast-24484a076f02295f.css → 200 (580ms, 7385B)
[2026-08-28T22:52:19.540Z] GET https://github.githubassets.com/assets/primer-primitives-ed9ca172356fd545.css → 200 (581ms, 2309B)
[2026-08-28T22:52:19.540Z] GET https://github.githubassets.com/assets/primer-1d2c7f7b52a6068b.css → 200 (601ms, ?B)
[2026-08-28T22:52:19.551Z] GET https://github.githubassets.com/assets/global-adcabba7b5c5d221.css → 200 (586ms, 41054B)
[2026-08-28T22:52:19.551Z] GET https://github.githubassets.com/assets/github-552513ad07a183a1.css → 200 (443ms, 22288B)
[2026-08-28T22:52:19.551Z] GET https://github.githubassets.com/assets/repository-11ee8a031c040c1a.css → 200 (478ms, 5545B)
[2026-08-28T22:52:19.551Z] GET https://github.githubassets.com/assets/code-2d56bdb0166c0238.css → 200 (443ms, 4803B)
[2026-08-28T22:52:19.551Z] GET https://github.githubassets.com/assets/high-contrast-cookie-700cb8fd7174aa98.js → pending (?ms, ?B)
[2026-08-28T22:52:19.551Z] GET https://github.githubassets.com/assets/wp-runtime-331fa18d1abaa794.js → pending (?ms, ?B)
[2026-08-28T22:52:19.551Z] GET https://github.githubassets.com/assets/app-foundation-4437307b8f9d7771.js → pending (?ms, ?B)
[2026-08-28T22:52:19.552Z] GET https://github.githubassets.com/assets/app-runtime-8365b7f9078f5299.js → pending (?ms, ?B)
[2026-08-28T22:52:19.552Z] GET https://github.githubassets.com/assets/fetch-utilities-8fe90c8c85b950d2.js → pending (?ms, ?B)
[2026-08-28T22:52:19.552Z] GET https://github.githubassets.com/assets/78205-6cf07db9c71bd767.js → pending (?ms, ?B)
[2026-08-28T22:52:19.552Z] GET https://github.githubassets.com/assets/environment-c48914b1d5684020.js → pending (?ms, ?B)
[2026-08-28T22:52:19.552Z] GET https://github.githubassets.com/assets/app-runtime.4edc00cd7dcee842.module.css → 200 (476ms, 1249B)
[2026-08-28T22:52:19.552Z] GET https://github.githubassets.com/assets/catalyst-38077bb411140672.js → pending (?ms, ?B)
[2026-08-28T22:52:19.553Z] GET https://github.githubassets.com/assets/selector-observer-2649f99b2f1a6405.js → pending (?ms, ?B)
[2026-08-28T22:52:19.553Z] GET https://github.githubassets.com/assets/relative-time-element-c21b72dfe6bab348.js → pending (?ms, ?B)
[2026-08-28T22:52:19.553Z] GET https://github.githubassets.com/assets/296-2e18342b802e67d2.js → pending (?ms, ?B)
[2026-08-28T22:52:19.553Z] GET https://github.githubassets.com/assets/816-41f1bbf5693911e3.js → pending (?ms, ?B)
[2026-08-28T22:52:19.553Z] GET https://github.githubassets.com/assets/65637-cd80fa0f84afe946.js → pending (?ms, ?B)
[2026-08-28T22:52:19.553Z] GET https://github.githubassets.com/assets/58494-bbf2743f411af058.js → pending (?ms, ?B)
[2026-08-28T22:52:19.554Z] GET https://github.githubassets.com/assets/31721-0ef53b2f96a19876.js → pending (?ms, ?B)
[2026-08-28T22:52:19.555Z] GET https://github.githubassets.com/assets/46740-90376e604f852814.js → pending (?ms, ?B)
[2026-08-28T22:52:19.555Z] GET https://github.githubassets.com/assets/98944-57d83b43eefe5ac0.js → pending (?ms, ?B)
[2026-08-28T22:52:19.555Z] GET https://github.githubassets.com/assets/github-elements-410d6e18e3495c58.js → pending (?ms, ?B)
[2026-08-28T22:52:19.555Z] GET https://github.githubassets.com/assets/element-registry-169184f584b8675f.js → pending (?ms, ?B)
[2026-08-28T22:52:19.555Z] GET https://github.githubassets.com/assets/runtime-helpers-fc37f5662f7833a3.js → pending (?ms, ?B)
[2026-08-28T22:52:19.555Z] GET https://github.githubassets.com/assets/aria-live-7d7a9fdad5f85d01.js → pending (?ms, ?B)
[2026-08-28T22:52:19.555Z] GET https://github.githubassets.com/assets/hotkey-1cb8fabe6be5aae6.js → pending (?ms, ?B)
[2026-08-28T22:52:19.555Z] GET https://github.githubassets.com/assets/react-core-29d04a3ce0e60b2e.js → pending (?ms, ?B)
[2026-08-28T22:52:19.555Z] GET https://github.githubassets.com/assets/react-lib-94319d819a6168f4.js → pending (?ms, ?B)
[2026-08-28T22:52:19.555Z] GET https://github.githubassets.com/assets/50841-2b0631b45aaf5408.js → pending (?ms, ?B)
[2026-08-28T22:52:19.555Z] GET https://github.githubassets.com/assets/2761-b7a9419af18b3168.js → pending (?ms, ?B)
[2026-08-28T22:52:19.556Z] GET https://github.githubassets.com/assets/88475-1ef5f4960149f37f.js → pending (?ms, ?B)
[2026-08-28T22:52:19.556Z] GET https://github.githubassets.com/assets/26533-677fb085023d4883.js → pending (?ms, ?B)
[2026-08-28T22:52:19.556Z] GET https://github.githubassets.com/assets/3609-aeb65154451d2df4.js → pending (?ms, ?B)
[2026-08-28T22:52:19.556Z] GET https://github.githubassets.com/assets/87644-a4a8bf1e50c8f268.js → pending (?ms, ?B)
[2026-08-28T22:52:19.556Z] GET https://github.githubassets.com/assets/39448-1ea76084e5b8e2e3.js → pending (?ms, ?B)
[2026-08-28T22:52:19.556Z] GET https://github.githubassets.com/assets/54130-e4c7ec7528d1f04f.js → pending (?ms, ?B)
[2026-08-28T22:52:19.556Z] GET https://github.githubassets.com/assets/1741-19fd38c1c119f0b9.js → pending (?ms, ?B)
[2026-08-28T22:52:19.556Z] GET https://github.githubassets.com/assets/64923-fd55cab179c0991d.js → pending (?ms, ?B)
[2026-08-28T22:52:19.556Z] GET https://github.githubassets.com/assets/behaviors-1bb995b769c7ea12.js → pending (?ms, ?B)
[2026-08-28T22:52:19.556Z] GET https://github.githubassets.com/assets/react-core.0027ad4d227604b8.module.css → 200 (472ms, 436B)
[2026-08-28T22:52:19.556Z] GET https://github.githubassets.com/assets/66728-c0b48e748ef8b0cf.js → pending (?ms, ?B)
[2026-08-28T22:52:19.556Z] GET https://github.githubassets.com/assets/codespaces-cce3810865a01b17.js → pending (?ms, ?B)
[2026-08-28T22:52:19.557Z] GET https://github.githubassets.com/assets/48042-3a37331ca124dac3.js → pending (?ms, ?B)
[2026-08-28T22:52:19.557Z] GET https://github.githubassets.com/assets/repositories-6d7ac0e5606908c8.js → pending (?ms, ?B)
[2026-08-28T22:52:19.557Z] GET https://github.githubassets.com/assets/code-menu-b19aefe6fd892cdc.js → pending (?ms, ?B)
[2026-08-28T22:52:19.557Z] GET https://github.githubassets.com/assets/primer-react-3f5e80eddfe4fa83.js → pending (?ms, ?B)
[2026-08-28T22:52:19.557Z] GET https://github.githubassets.com/assets/76256-4c9ade0d3ba0f30e.js → pending (?ms, ?B)
[2026-08-28T22:52:19.557Z] GET https://github.githubassets.com/assets/437-866d9a255948fbf8.js → pending (?ms, ?B)
[2026-08-28T22:52:19.557Z] GET https://github.githubassets.com/assets/2927-a89925c2c122f0b3.js → pending (?ms, ?B)
[2026-08-28T22:52:19.557Z] GET https://github.githubassets.com/assets/13365-afa40f59b2c1ae40.js → pending (?ms, ?B)
[2026-08-28T22:52:19.557Z] GET https://github.githubassets.com/assets/7463-c01d2638c7d87a79.js → pending (?ms, ?B)
[2026-08-28T22:52:19.557Z] GET https://github.githubassets.com/assets/82065-d83c3301556505f1.js → pending (?ms, ?B)
[2026-08-28T22:52:19.557Z] GET https://github.githubassets.com/assets/27600-87c6894442ac9f57.js → pending (?ms, ?B)
[2026-08-28T22:52:19.557Z] GET https://github.githubassets.com/assets/60033-ac83dfbacec0c384.js → pending (?ms, ?B)
[2026-08-28T22:52:19.558Z] GET https://github.githubassets.com/assets/14646-c29030274d61aca2.js → pending (?ms, ?B)
[2026-08-28T22:52:19.558Z] GET https://github.githubassets.com/assets/11294-5b8577f6bc988a82.js → pending (?ms, ?B)
[2026-08-28T22:52:19.558Z] GET https://github.githubassets.com/assets/89138-de750ac7185aeec4.js → pending (?ms, ?B)
[2026-08-28T22:52:19.558Z] GET https://github.githubassets.com/assets/90329-c7b3cf6214d8d577.js → pending (?ms, ?B)
[2026-08-28T22:52:19.558Z] GET https://github.githubassets.com/assets/55903-91e88e62460bae56.js → pending (?ms, ?B)
[2026-08-28T22:52:19.558Z] GET https://github.githubassets.com/assets/52383-a696842abacedd89.js → pending (?ms, ?B)
[2026-08-28T22:52:19.558Z] GET https://github.githubassets.com/assets/12300-b13e9eea6cc191a1.js → pending (?ms, ?B)
[2026-08-28T22:52:19.558Z] GET https://github.githubassets.com/assets/33083-5bfc3e419dbd3b4e.js → pending (?ms, ?B)
[2026-08-28T22:52:19.558Z] GET https://github.githubassets.com/assets/24254-e76bb3d4c66c3f3d.js → pending (?ms, ?B)
[2026-08-28T22:52:19.558Z] GET https://github.githubassets.com/assets/84661-938e59aed66644bc.js → pending (?ms, ?B)
[2026-08-28T22:52:19.558Z] GET https://github.githubassets.com/assets/87051-f8838e5828c8d9bb.js → pending (?ms, ?B)
[2026-08-28T22:52:19.558Z] GET https://github.githubassets.com/assets/23989-9f2c58e6aedee694.js → pending (?ms, ?B)
[2026-08-28T22:52:19.558Z] GET https://github.githubassets.com/assets/64709-2f9885a1f72f966c.js → pending (?ms, ?B)
[2026-08-28T22:52:19.558Z] GET https://github.githubassets.com/assets/99666-e16732356424ef41.js → pending (?ms, ?B)
[2026-08-28T22:52:19.558Z] GET https://github.githubassets.com/assets/64015-c67854db64676d7d.js → pending (?ms, ?B)
[2026-08-28T22:52:19.558Z] GET https://github.githubassets.com/assets/23128-cc7fbe599e720ed4.js → pending (?ms, ?B)
[2026-08-28T22:52:19.558Z] GET https://github.githubassets.com/assets/50084-db237f60c1874138.js → pending (?ms, ?B)
[2026-08-28T22:52:19.558Z] GET https://github.githubassets.com/assets/110-c337c3fc77b06155.js → pending (?ms, ?B)
[2026-08-28T22:52:19.559Z] GET https://github.githubassets.com/assets/1181-7f30d30e96ecc14c.js → pending (?ms, ?B)
[2026-08-28T22:52:19.559Z] GET https://github.githubassets.com/assets/50006-8701d184da21a557.js → pending (?ms, ?B)
[2026-08-28T22:52:19.559Z] GET https://github.githubassets.com/assets/94789-9edb64f391499e63.js → pending (?ms, ?B)
[2026-08-28T22:52:19.559Z] GET https://github.githubassets.com/assets/819-3fb1e5106dc20469.js → pending (?ms, ?B)
[2026-08-28T22:52:19.559Z] GET https://github.githubassets.com/assets/22828-631ce697062c1b2c.js → pending (?ms, ?B)
[2026-08-28T22:52:19.559Z] GET https://github.githubassets.com/assets/53878-1d336962bed52509.js → pending (?ms, ?B)
[2026-08-28T22:52:19.559Z] GET https://github.githubassets.com/assets/20277-7c60be2a3b3c0a75.js → pending (?ms, ?B)
[2026-08-28T22:52:19.559Z] GET https://github.githubassets.com/assets/4596-aa474803d308d614.js → pending (?ms, ?B)
[2026-08-28T22:52:19.559Z] GET https://github.githubassets.com/assets/27080-4351f698d6cd6e4f.js → pending (?ms, ?B)
[2026-08-28T22:52:19.559Z] GET https://github.githubassets.com/assets/27555-36f6bd4ce4a97436.js → pending (?ms, ?B)
[2026-08-28T22:52:19.559Z] GET https://github.githubassets.com/assets/56403-fa8d4be074ee04dd.js → pending (?ms, ?B)
[2026-08-28T22:52:19.559Z] GET https://github.githubassets.com/assets/15923-13a155703619471d.js → pending (?ms, ?B)
[2026-08-28T22:52:19.560Z] GET https://github.githubassets.com/assets/24850-9388f10dac6609c3.js → pending (?ms, ?B)
[2026-08-28T22:52:19.560Z] GET https://github.githubassets.com/assets/20701-4b34a04737378d69.js → pending (?ms, ?B)
[2026-08-28T22:52:19.560Z] GET https://github.githubassets.com/assets/64834-2f9d36b071419dda.js → pending (?ms, ?B)
[2026-08-28T22:52:19.560Z] GET https://github.githubassets.com/assets/99412-65156a91f2f68057.js → pending (?ms, ?B)
[2026-08-28T22:52:19.560Z] GET https://github.githubassets.com/assets/dynamic-github-ui--code-view--route-components-0bfe7d06096adcbb.js → pending (?ms, ?B)
[2026-08-28T22:52:19.560Z] GET https://github.githubassets.com/assets/99388-2a6c421acaa902e8.js → pending (?ms, ?B)
[2026-08-28T22:52:19.560Z] GET https://github.githubassets.com/assets/code-view-4d405f0360347c57.js → pending (?ms, ?B)
[2026-08-28T22:52:19.560Z] GET https://github.githubassets.com/assets/primer-react-css.2489a3d4426b28d3.module.css → 200 (620ms, ?B)
[2026-08-28T22:52:19.560Z] GET https://github.githubassets.com/assets/1181.1fe8862e00251654.module.css → 200 (620ms, ?B)
[2026-08-28T22:52:19.560Z] GET https://github.githubassets.com/assets/4527.7acb62ab59e4bb7f.module.css → 200 (619ms, ?B)
[2026-08-28T22:52:19.560Z] GET https://github.githubassets.com/assets/dynamic-github-ui--code-view--route-components.1b6e469b25b9a7e8.module.css → 200 (620ms, ?B)
[2026-08-28T22:52:19.560Z] GET https://github.githubassets.com/assets/code-view.2ef85b37c73b0479.module.css → 200 (620ms, ?B)
[2026-08-28T22:52:19.560Z] GET https://github.githubassets.com/assets/7115-afcd35d1c4e62cd6.js → pending (?ms, ?B)
[2026-08-28T22:52:19.560Z] GET https://github.githubassets.com/assets/90694-9f0eb78486cddc72.js → pending (?ms, ?B)
[2026-08-28T22:52:19.560Z] GET https://github.githubassets.com/assets/notifications-subscriptions-menu-bfe8d2e7c3d41b7f.js → pending (?ms, ?B)
[2026-08-28T22:52:19.561Z] GET https://github.githubassets.com/assets/notifications-subscriptions-menu.a0ab9f22574d348b.module.css → 200 (580ms, ?B)
[2026-08-28T22:52:19.682Z] GET https://github.githubassets.com/assets/30201-57c73cd53e57ec6a.js → pending (?ms, ?B)
[2026-08-28T22:52:19.682Z] GET https://github.githubassets.com/assets/keyboard-shortcuts-dialog-d30a21715edf40e4.js → pending (?ms, ?B)
[2026-08-28T22:52:19.682Z] GET https://github.githubassets.com/assets/keyboard-shortcuts-dialog.be9ac17fca9dafbe.module.css → 200 (496ms, ?B)
[2026-08-28T22:52:19.682Z] GET https://github.githubassets.com/assets/28052-948121aab0837bb7.js → pending (?ms, ?B)
[2026-08-28T22:52:19.682Z] GET https://github.githubassets.com/assets/315-41a95191752f4a55.js → pending (?ms, ?B)
[2026-08-28T22:52:19.682Z] GET https://github.githubassets.com/assets/71236-e2d5e8326b644be4.js → pending (?ms, ?B)
[2026-08-28T22:52:19.682Z] GET https://github.githubassets.com/assets/72388-94b4afaeb2a8e5ba.js → pending (?ms, ?B)
[2026-08-28T22:52:19.682Z] GET https://github.githubassets.com/assets/48129-83d8fafa2f4a17fa.js → pending (?ms, ?B)
[2026-08-28T22:52:19.682Z] GET https://github.githubassets.com/assets/44650-9e3583f09b45b865.js → pending (?ms, ?B)
[2026-08-28T22:52:19.682Z] GET https://github.githubassets.com/assets/6795-d3cd52656f429bdd.js → pending (?ms, ?B)
[2026-08-28T22:52:19.682Z] GET https://github.githubassets.com/assets/lazy-react-partial-marketing-header-a9133fb27123d69a.js → pending (?ms, ?B)
[2026-08-28T22:52:19.682Z] GET https://github.githubassets.com/assets/marketing-header-1df4c6238033cbc0.js → pending (?ms, ?B)
[2026-08-28T22:52:19.682Z] GET https://github.githubassets.com/assets/primer-react-brand-css.d7bf4cd1af1bdba4.module.css → 200 (496ms, ?B)
[2026-08-28T22:52:19.682Z] GET https://github.githubassets.com/assets/lazy-react-partial-marketing-header.34c48846361e9495.module.css → 200 (496ms, ?B)
[2026-08-28T22:52:19.839Z] GET https://camo.githubusercontent.com/87e6d2b0880aca7216ebf86771a5a3f6aaf27baaad1679563c10ed5ce95e67a3/68747470733a2f2f696d672e736869656c64732e696f2f707970692f762f736962796c2d6d656d6f72792d636c69656e743f6c6162656c3d636c69656e7426636f6c6f723d386136613261 → pending (?ms, ?B)
[2026-08-28T22:52:19.839Z] GET https://camo.githubusercontent.com/869755d29c416c17309dd15478c6ce80faeed81d6c0f25029a2b00322cf4edd9/68747470733a2f2f696d672e736869656c64732e696f2f707970692f762f736962796c2d6d656d6f72792d636c693f6c6162656c3d636c6926636f6c6f723d386136613261 → pending (?ms, ?B)
[2026-08-28T22:52:19.839Z] GET https://camo.githubusercontent.com/ef569fd431c12a334b4d879b2214e81598c5e6ccdcfd4e0ceed7efb263587f40/68747470733a2f2f696d672e736869656c64732e696f2f707970692f762f736962796c2d6d656d6f72792d6865726d65733f6c6162656c3d6865726d657326636f6c6f723d386136613261 → pending (?ms, ?B)
[2026-08-28T22:52:19.839Z] GET https://camo.githubusercontent.com/99f761374a5e0277531ec8b229f47a3e58a86bb7be864a87566185c18a850224/68747470733a2f2f696d672e736869656c64732e696f2f707970692f762f736962796c2d6d656d6f72792d6d63703f6c6162656c3d6d637026636f6c6f723d386136613261 → pending (?ms, ?B)
[2026-08-28T22:52:19.839Z] GET https://camo.githubusercontent.com/9608a9de31ddf337573ef318db3535b5c8a280123c93c749fec87d2041204e8f/68747470733a2f2f696d672e736869656c64732e696f2f707970692f762f736962796c2d6d656d6f72792d6c616e6767726170683f6c6162656c3d6c616e67677261706826636f6c6f723d386136613261 → pending (?ms, ?B)
[2026-08-28T22:52:19.839Z] GET https://camo.githubusercontent.com/923f98471ad391d6419b7cd34346972bfce7d0472083ec461891068a4513cc42/68747470733a2f2f696d672e736869656c64732e696f2f62616467652f6c6963656e73652d4d49542d3135313130612e737667 → pending (?ms, ?B)
[2026-08-28T22:52:19.840Z] GET https://camo.githubusercontent.com/b05852a4298f1255a0e9ee548ab937e9237df1cbecd35ed709beabd5a18669d5/68747470733a2f2f696d672e736869656c64732e696f2f62616467652f707974686f6e2d332e31302b2d3135313130612e737667 → pending (?ms, ?B)
[2026-08-28T22:52:19.840Z] GET https://camo.githubusercontent.com/939f10f6a793c5838db334cdb3acf984778a558dd72fb76440eaa23ed64b5e7f/68747470733a2f2f696d672e736869656c64732e696f2f62616467652f4c6f6e674d656d4576616c2d39352e36253235253230253233254532253830253833322d3265366233612e737667 → pending (?ms, ?B)
[2026-08-28T22:52:19.840Z] GET https://camo.githubusercontent.com/13ae6c123915fe111e3691670f13546632745fee53ac714a54ba0c54cc1d4224/68747470733a2f2f696d672e736869656c64732e696f2f707970692f762f736962796c2d6d656d6f72792d636c69656e74 → pending (?ms, ?B)
[2026-08-28T22:52:19.840Z] GET https://camo.githubusercontent.com/c300585f2c272763afad20820e262eaaedfcb83ea7b435f86428c50b44d9397f/68747470733a2f2f696d672e736869656c64732e696f2f707970692f762f736962796c2d6d656d6f72792d636c69 → pending (?ms, ?B)
[2026-08-28T22:52:19.840Z] GET https://camo.githubusercontent.com/100df39d856dcc70cfd1c365d1443ecfaf44deaa27311fb93cc02b765be7b239/68747470733a2f2f696d672e736869656c64732e696f2f707970692f762f736962796c2d6d656d6f72792d6865726d6573 → pending (?ms, ?B)
[2026-08-28T22:52:19.840Z] GET https://camo.githubusercontent.com/4011ee0326070a3c53eea09f52f1556321e01a059432aadf258652a61edbb67f/68747470733a2f2f696d672e736869656c64732e696f2f707970692f762f736962796c2d6d656d6f72792d6d6370 → pending (?ms, ?B)
[2026-08-28T22:52:19.841Z] GET https://camo.githubusercontent.com/3a1ba463cca8caf9d687dc830e4c6c32ddc84c468a3ad09bd073a708abde435b/68747470733a2f2f696d672e736869656c64732e696f2f707970692f762f736962796c2d6d656d6f72792d6c616e676772617068 → pending (?ms, ?B)
[2026-08-28T22:52:20.752Z] GET https://github.githubassets.com/assets/chunk-lazy-element-select-panel-5fa22d0481756540.js → 200 (124ms, 5360B)
[2026-08-28T22:52:20.752Z] GET https://github.githubassets.com/assets/chunk-lazy-element-toggle-switch-3a11594d2c171efb.js → 200 (124ms, 848B)
[2026-08-28T22:52:20.752Z] GET https://github.githubassets.com/assets/72307-a112a9cb5cac3257.js → 200 (139ms, 9543B)
[2026-08-28T22:52:20.752Z] GET https://github.githubassets.com/assets/chunk-lazy-element-cookie-consent-link-2208f334847f8905.js → 200 (162ms, 713B)
[2026-08-28T22:52:20.753Z] GET https://github.githubassets.com/assets/chunk-lazy-element-ghcc-consent-c93266ab3fd34e7c.js → 200 (123ms, 820B)
[2026-08-28T22:52:20.753Z] GET https://github.githubassets.com/assets/chunk-lazy-element-markdown-accessiblity-table-2c5288d02901ac1b.js → 200 (123ms, 843B)
[2026-08-28T22:52:20.753Z] GET https://github.githubassets.com/assets/38963.16071a40aeb54dc1.module.css → 200 (122ms, 636B)
[2026-08-28T22:52:20.753Z] GET https://github.githubassets.com/assets/chunk-lazy-react-partial-keyboard-shortcuts-dialog-d209deebd36e5da7.js → 200 (123ms, 2211B)
[2026-08-28T22:52:20.754Z] GET https://github.com/in-product-messaging/budget-threshold-banner?organization=Sibyl-Labs → 401 (320ms, ?B)
[2026-08-28T22:52:20.792Z] GET https://github.githubassets.com/assets/chunk-67800-a3ff55b29a2bff72.js → 200 (131ms, 2995B)
[2026-08-28T22:52:20.792Z] GET https://github.githubassets.com/assets/chunk-33450-b52ca247f17f6df2.js → 200 (143ms, 21163B)
[2026-08-28T22:52:20.821Z] GET https://github.githubassets.com/assets/chunk-lazy-element-webauthn-get-2f28740376809330.js → 200 (141ms, 3225B)
[2026-08-28T22:52:20.933Z] GET https://github.githubassets.com/assets/3021.3f523b9ab313a9b3.module.css → 200 (146ms, 912B)
[2026-08-28T22:52:20.933Z] GET https://github.githubassets.com/assets/chunk-3021-37b9e8af477b7ad6.js → 200 (179ms, 1995B)
[2026-08-28T22:52:21.070Z] GET https://github.com/Sibyl-Labs/Sibyl-Memory/latest-commit → pending (?ms, ?B)
[2026-08-28T22:52:21.070Z] GET https://github.com/Sibyl-Labs/Sibyl-Memory/recently-touched-branches → pending (?ms, ?B)
[2026-08-28T22:52:21.070Z] GET https://github.com/Sibyl-Labs/Sibyl-Memory/branch-and-tag-count → pending (?ms, ?B)
[2026-08-28T22:52:21.124Z] POST https://collector.github.com/github/collect → pending (?ms, ?B)
[2026-08-28T22:52:21.155Z] GET https://github.com/Sibyl-Labs/Sibyl-Memory/tree-commit-info → pending (?ms, ?B)
[2026-08-28T22:52:21.181Z] GET https://github.com/Sibyl-Labs/Sibyl-Memory/refs?type=branch → pending (?ms, ?B)
[2026-08-28T22:52:21.181Z] GET https://github.com/Sibyl-Labs/Sibyl-Memory/overview-files/main → pending (?ms, ?B)
[2026-08-28T22:52:21.181Z] GET https://github.com/Sibyl-Labs/Sibyl-Memory/_sidebar → pending (?ms, ?B)
[2026-08-28T22:52:21.212Z] POST https://api.github.com/_private/browser/stats → pending (?ms, ?B)
[2026-08-28T22:52:21.507Z] GET https://avatars.githubusercontent.com/u/285132603?v=4&size=40 → 200 (154ms, 1866B)
[2026-08-28T22:52:21.507Z] GET https://avatars.githubusercontent.com/u/81847?v=4&size=40 → 200 (152ms, 2189B)
[2026-08-28T22:52:21.525Z] GET https://avatars.githubusercontent.com/u/285132603?s=64&v=4 → 200 (258ms, 1873B)
[2026-08-28T22:52:21.525Z] GET https://avatars.githubusercontent.com/u/81847?s=64&v=4 → 200 (257ms, 3205B)
[2026-08-28T22:52:21.643Z] POST https://collector.github.com/github/collect → pending (?ms, ?B)
[2026-08-28T22:52:26.699Z] POST https://collector.github.com/github/collect → 204 (204ms, 494B)
[2026-08-28T23:21:19.114Z] GET https://docs.virtuals.io/ → pending (?ms, ?B)
[2026-08-28T23:21:26.188Z] GET https://whitepaper.virtuals.io/ → pending (?ms, ?B)
[2026-08-28T23:21:29.365Z] GET https://whitepaper.virtuals.io/~gitbook/image?url=https%3A%2F%2F4242579099-files.gitbook.io%2F%7E%2Ffiles%2Fv0%2Fb%2Fgitbook-x-prod.appspot.com%2Fo%2Fspaces%252Frrll8DWDA3BJwEBqOtxm%252Fuploads%252FOXPt3Tohsk3Wm2Pwcbwx%252Fimage.png%3Falt%3Dmedia%26token%3D253de6c6-0747-4a33-aada-0bd7c0f8a7ab&width=768&dpr=1&quality=100&sign=a1e69feacc3d6a67f6ab648fdeec8180&sv=3 → pending (?ms, ?B)
[2026-08-28T23:21:29.365Z] GET https://static-2v.gitbook.com/_next/static/css/2ff825c4c39b79bb.css?dpl=p-db67585ee243d063c459a855988f21 → pending (?ms, ?B)
[2026-08-28T23:21:29.365Z] GET https://static-2v.gitbook.com/_next/static/css/c36dde9599bfc781.css?dpl=p-db67585ee243d063c459a855988f21 → pending (?ms, ?B)
[2026-08-28T23:21:29.365Z] GET https://static-2v.gitbook.com/_next/static/css/7a383765bb37d42c.css?dpl=p-db67585ee243d063c459a855988f21 → pending (?ms, ?B)
[2026-08-28T23:21:29.365Z] GET https://static-2v.gitbook.com/_next/static/css/e3d65466d47b91eb.css?dpl=p-db67585ee243d063c459a855988f21 → pending (?ms, ?B)
[2026-08-28T23:21:29.365Z] GET https://static-2v.gitbook.com/_next/static/chunks/webpack-f50861487ad1d88f.js?dpl=p-db67585ee243d063c459a855988f21 → pending (?ms, ?B)
[2026-08-28T23:21:29.368Z] GET https://static-2v.gitbook.com/_next/static/chunks/87c73c54-73ce2ea4103519fc.js?dpl=p-db67585ee243d063c459a855988f21 → pending (?ms, ?B)
[2026-08-28T23:21:29.368Z] GET https://static-2v.gitbook.com/_next/static/chunks/1968-ad8f13769ea7f87c.js?dpl=p-db67585ee243d063c459a855988f21 → pending (?ms, ?B)
[2026-08-28T23:21:29.368Z] GET https://static-2v.gitbook.com/_next/static/chunks/main-app-91564d502fa56e7b.js?dpl=p-db67585ee243d063c459a855988f21 → pending (?ms, ?B)
[2026-08-28T23:21:29.368Z] GET https://static-2v.gitbook.com/_next/static/chunks/app/global-error-444082c3323728b1.js?dpl=p-db67585ee243d063c459a855988f21 → pending (?ms, ?B)
[2026-08-28T23:21:29.368Z] GET https://static-2v.gitbook.com/_next/static/chunks/f5718501-893523a755638886.js?dpl=p-db67585ee243d063c459a855988f21 → pending (?ms, ?B)
[2026-08-28T23:21:29.368Z] GET https://static-2v.gitbook.com/_next/static/chunks/9071f66d-65831af376c95d36.js?dpl=p-db67585ee243d063c459a855988f21 → pending (?ms, ?B)
[2026-08-28T23:21:29.368Z] GET https://static-2v.gitbook.com/_next/static/chunks/9246-1df5a88dbb0722cb.js?dpl=p-db67585ee243d063c459a855988f21 → pending (?ms, ?B)
[2026-08-28T23:21:29.372Z] GET https://static-2v.gitbook.com/_next/static/chunks/6213-fcd8f601a9fdf399.js?dpl=p-db67585ee243d063c459a855988f21 → pending (?ms, ?B)
[2026-08-28T23:21:29.372Z] GET https://static-2v.gitbook.com/_next/static/chunks/6811-b5a1327b6b81e44f.js?dpl=p-db67585ee243d063c459a855988f21 → pending (?ms, ?B)
[2026-08-28T23:21:29.372Z] GET https://static-2v.gitbook.com/_next/static/chunks/8925-486365c44cd2d7ea.js?dpl=p-db67585ee243d063c459a855988f21 → pending (?ms, ?B)
[2026-08-28T23:21:29.372Z] GET https://static-2v.gitbook.com/_next/static/chunks/9935-4a78aba9a09028da.js?dpl=p-db67585ee243d063c459a855988f21 → pending (?ms, ?B)
[2026-08-28T23:21:29.372Z] GET https://static-2v.gitbook.com/_next/static/chunks/2335-e181abf1a0261c07.js?dpl=p-db67585ee243d063c459a855988f21 → pending (?ms, ?B)
[2026-08-28T23:21:29.372Z] GET https://static-2v.gitbook.com/_next/static/chunks/992-56591b54c8f7b487.js?dpl=p-db67585ee243d063c459a855988f21 → pending (?ms, ?B)
[2026-08-28T23:21:29.372Z] GET https://static-2v.gitbook.com/_next/static/chunks/3363-fc7ed41efac4a053.js?dpl=p-db67585ee243d063c459a855988f21 → pending (?ms, ?B)
[2026-08-28T23:21:29.373Z] GET https://static-2v.gitbook.com/_next/static/chunks/6435-7afb4dc3a513218b.js?dpl=p-db67585ee243d063c459a855988f21 → pending (?ms, ?B)
[2026-08-28T23:21:29.373Z] GET https://static-2v.gitbook.com/_next/static/chunks/app/sites/static/%5Bmode%5D/%5BsiteURL%5D/%5BsiteData%5D/(content)/%5BpagePath%5D/page-80080f9abed48bd0.js?dpl=p-db67585ee243d063c459a855988f21 → pending (?ms, ?B)
[2026-08-28T23:21:29.373Z] GET https://static-2v.gitbook.com/_next/static/chunks/4936-de0569877d6deb3a.js?dpl=p-db67585ee243d063c459a855988f21 → pending (?ms, ?B)
[2026-08-28T23:21:29.374Z] GET https://static-2v.gitbook.com/_next/static/chunks/2042-00c2905cc2cd8668.js?dpl=p-db67585ee243d063c459a855988f21 → pending (?ms, ?B)
[2026-08-28T23:21:29.374Z] GET https://static-2v.gitbook.com/_next/static/chunks/app/sites/static/%5Bmode%5D/%5BsiteURL%5D/%5BsiteData%5D/(content)/layout-25910a354221f436.js?dpl=p-db67585ee243d063c459a855988f21 → pending (?ms, ?B)
[2026-08-28T23:21:29.374Z] GET https://whitepaper.virtuals.io/~gitbook/site-index → pending (?ms, ?B)
[2026-08-28T23:21:32.659Z] GET https://static-2v.gitbook.com/~gitbook/static/fonts/inter/UcC73FwrK3iLTeHuS_nVMrMxCp50SjIa1ZL7W0Q5nw.woff2 → pending (?ms, ?B)
[2026-08-28T23:21:32.659Z] GET https://static-2v.gitbook.com/~gitbook/static/fonts/ibm-plex-mono/-F63fjptAgt5VM-kVkqdyU8n1i8q131nj-o.woff2 → pending (?ms, ?B)
[2026-08-28T23:21:38.019Z] GET https://x402.org/ → pending (?ms, ?B)
[2026-08-28T23:21:38.914Z] GET https://app.gitbook.com/__session/2/?proposed=a4f22628-0940-4b50-98be-f9915d7e7c78R → pending (?ms, ?B)
[2026-08-28T23:21:38.931Z] GET https://static-2v.gitbook.com/_next/static/chunks/3248.3285381d5915412f.js?dpl=p-db67585ee243d063c459a855988f21 → pending (?ms, ?B)
[2026-08-28T23:21:38.934Z] GET https://static-2v.gitbook.com/_next/static/css/5435afa321af72fa.css?dpl=p-db67585ee243d063c459a855988f21?dpl=p-db67585ee243d063c459a855988f21 → pending (?ms, ?B)
[2026-08-28T23:21:38.968Z] GET https://whitepaper.virtuals.io/about-virtuals/ai-agent-identity-and-banking-layer?_rsc=2KOYpYmDklpbk7W4 → pending (?ms, ?B)
[2026-08-28T23:21:38.968Z] GET https://whitepaper.virtuals.io/about-virtuals/commerce-layer?_rsc=2KOYpYmDklpbk7W4 → pending (?ms, ?B)
[2026-08-28T23:21:38.968Z] GET https://whitepaper.virtuals.io/about-virtuals/capital-formation-layer?_rsc=2KOYpYmDklpbk7W4 → pending (?ms, ?B)
[2026-08-28T23:21:38.968Z] GET https://whitepaper.virtuals.io/about-virtuals/physical-labor-layer-robotics-and-embodied-ai?_rsc=2KOYpYmDklpbk7W4 → pending (?ms, ?B)
[2026-08-28T23:21:38.969Z] POST https://whitepaper.virtuals.io/ → pending (?ms, ?B)
[2026-08-28T23:21:39.706Z] POST https://whitepaper.virtuals.io/~gitbook/__evt?o=OefuIv32WG440h2tS5N0&s=site_Awm9G → pending (?ms, ?B)
[2026-08-28T23:21:39.719Z] GET https://whitepaper.virtuals.io/about-virtuals/about-virtuals-protocol/what-is-virtuals-protocol-a-non-crypto-guide-to-ai-agents?_rsc=2KOYpYmDklpbk7W4 → pending (?ms, ?B)
[2026-08-28T23:21:40.187Z] GET https://whitepaper.virtuals.io/about-virtuals/law-and-governance-layer?_rsc=2KOYpYmDklpbk7W4 → pending (?ms, ?B)
[2026-08-28T23:21:41.277Z] GET https://x402.org/wp-content/themes/salient-child/vc-addons/css/featherlight.css?ver=7.0.4 → pending (?ms, ?B)
[2026-08-28T23:21:41.277Z] GET https://x402.org/wp-content/themes/salient-child/vc-addons/css/youtube-playlist.css?ver=1.0.0 → pending (?ms, ?B)
[2026-08-28T23:21:41.277Z] GET https://x402.org/wp-content/themes/salient-child/style.css?ver=18.2.1 → pending (?ms, ?B)
[2026-08-28T23:21:41.277Z] GET https://x402.org/wp-content/themes/salient-child/vc-addons/css/vc-addons.css?ver=18.2.1 → pending (?ms, ?B)
[2026-08-28T23:21:41.278Z] GET https://x402.org/wp-content/themes/salient-child/templates/css/templates.css?ver=18.2.1 → pending (?ms, ?B)
[2026-08-28T23:21:41.278Z] GET https://x402.org/wp-content/themes/salient-child/widgets/css/widgets.css?ver=18.2.1 → pending (?ms, ?B)
[2026-08-28T23:21:41.278Z] GET https://x402.org/wp-content/themes/salient-child/search-filter/css/results.css?ver=18.2.1 → pending (?ms, ?B)
[2026-08-28T23:21:41.278Z] GET https://x402.org/wp-content/themes/salient-child/fonts/fonts.css?ver=18.2.1 → pending (?ms, ?B)
[2026-08-28T23:21:41.278Z] GET https://x402.org/wp-content/themes/salient-child/css/events-calendar.css?ver=18.2.1 → pending (?ms, ?B)
[2026-08-28T23:21:41.278Z] GET https://x402.org/wp-content/themes/salient-child/vc-addons/css/linux-foundation-components.css?ver=18.2.1 → pending (?ms, ?B)
[2026-08-28T23:21:41.278Z] GET https://x402.org/wp-content/themes/salient-child/vc-addons/css/latest-posts-linux.css?ver=18.2.1 → pending (?ms, ?B)
[2026-08-28T23:21:41.280Z] GET https://x402.org/wp-content/themes/salient-child/vc-addons/css/projects-linux.css?ver=18.2.1 → pending (?ms, ?B)
[2026-08-28T23:21:41.280Z] GET https://x402.org/wp-content/themes/salient-child/css/projects-banner.css?ver=18.2.1 → pending (?ms, ?B)
[2026-08-28T23:21:41.280Z] GET https://use.fontawesome.com/releases/v6.0.0/css/all.css?ver=6.0.0 → pending (?ms, ?B)
[2026-08-28T23:21:41.280Z] GET https://use.fontawesome.com/releases/v6.0.0/css/v4-shims.css?ver=6.0.0 → pending (?ms, ?B)
[2026-08-28T23:21:41.280Z] GET https://x402.org/wp-content/themes/salient/css/build/grid-system.css?ver=18.2.1 → pending (?ms, ?B)
[2026-08-28T23:21:41.280Z] GET https://x402.org/wp-content/themes/salient/css/build/style.css?ver=18.2.1 → pending (?ms, ?B)
[2026-08-28T23:21:41.280Z] GET https://x402.org/wp-content/themes/salient/css/build/elements/element-toggles.css?ver=18.2.1 → pending (?ms, ?B)
[2026-08-28T23:21:41.281Z] GET https://x402.org/wp-content/themes/salient/css/build/elements/element-wpb-column-border.css?ver=18.2.1 → pending (?ms, ?B)
[2026-08-28T23:21:41.281Z] GET https://fonts.googleapis.com/css?family=Open+Sans%3A300%2C400%2C600%2C700&subset=latin%2Clatin-ext → pending (?ms, ?B)
[2026-08-28T23:21:41.282Z] GET https://x402.org/wp-content/themes/salient/css/build/responsive.css?ver=18.2.1 → pending (?ms, ?B)
[2026-08-28T23:21:41.282Z] GET https://x402.org/wp-content/themes/salient/css/build/skin-original.css?ver=18.2.1 → pending (?ms, ?B)
[2026-08-28T23:21:41.282Z] GET https://x402.org/wp-content/uploads/sites/10/salient/menu-dynamic.css?ver=90163 → pending (?ms, ?B)
[2026-08-28T23:21:41.282Z] GET https://x402.org/wp-content/uploads/sites/10/tablepress-combined.min.css?ver=2 → pending (?ms, ?B)
[2026-08-28T23:21:41.287Z] GET https://x402.org/wp-content/themes/salient/css/build/plugins/js_composer.css?ver=18.2.1 → pending (?ms, ?B)
[2026-08-28T23:21:41.288Z] GET https://x402.org/wp-content/uploads/sites/10/salient/salient-dynamic-styles-multi-id-10.css?ver=1535 → pending (?ms, ?B)
[2026-08-28T23:21:41.288Z] GET https://fonts.googleapis.com/css?family=Inter:500,400%7CInstrument+Serif:400&ver=7.0.4 → pending (?ms, ?B)
[2026-08-28T23:21:41.288Z] GET https://x402.org/wp-includes/js/jquery/jquery.min.js?ver=3.7.1 → pending (?ms, ?B)
[2026-08-28T23:21:41.288Z] GET https://x402.org/wp-includes/js/jquery/jquery-migrate.min.js?ver=3.4.1 → pending (?ms, ?B)
[2026-08-28T23:21:41.288Z] GET https://transcend-cdn.com/cm/f484e2d0-ad2e-43a9-9d64-d07f6fa20966/airgap.js → pending (?ms, ?B)
[2026-08-28T23:21:41.288Z] GET https://lfx-segment.platform.linuxfoundation.org/latest/lfx-segment-analytics.min.js → pending (?ms, ?B)
[2026-08-28T23:21:41.289Z] GET https://cdn.jsdelivr.net/jquery.slick/1.3.15/slick.css?ver=1.3.15 → pending (?ms, ?B)
[2026-08-28T23:21:41.289Z] GET https://x402.org/wp-content/themes/salient/css/build/style-non-critical.css?ver=18.2.1 → pending (?ms, ?B)
[2026-08-28T23:21:41.289Z] GET https://x402.org/wp-content/themes/salient/css/build/plugins/jquery.fancybox.css?ver=3.3.1 → pending (?ms, ?B)
[2026-08-28T23:21:41.289Z] GET https://x402.org/wp-content/themes/salient/css/build/off-canvas/core.css?ver=18.2.1 → pending (?ms, ?B)
[2026-08-28T23:21:41.289Z] GET https://x402.org/wp-content/uploads/banners/lfprojects_banner_other.svg → pending (?ms, ?B)
[2026-08-28T23:21:41.289Z] GET https://x402.org/wp-content/uploads/sites/10/2026/06/x402_logo.svg → pending (?ms, ?B)
[2026-08-28T23:21:41.289Z] GET https://x402.org/wp-content/uploads/sites/10/2026/06/http_native_halftone.svg → pending (?ms, ?B)
[2026-08-28T23:21:41.289Z] GET https://x402.org/wp-content/uploads/sites/10/2026/06/dollar_group11.svg → pending (?ms, ?B)
[2026-08-28T23:21:41.289Z] GET https://x402.org/wp-content/uploads/sites/10/2026/06/clock_group10.svg → pending (?ms, ?B)
[2026-08-28T23:21:41.289Z] GET https://x402.org/wp-content/uploads/sites/10/2026/06/paper_group26.svg → pending (?ms, ?B)
[2026-08-28T23:21:41.289Z] GET https://x402.org/wp-content/uploads/sites/10/2026/06/dots_group24.svg → pending (?ms, ?B)
[2026-08-28T23:21:41.289Z] GET https://x402.org/wp-content/uploads/sites/10/2026/06/union_group20.svg → pending (?ms, ?B)
[2026-08-28T23:21:41.290Z] GET https://x402.org/wp-content/themes/salient-child/vc-addons/js/featherlight.js?ver=3.6.1 → pending (?ms, ?B)
[2026-08-28T23:21:41.290Z] GET https://x402.org/wp-content/themes/salient-child/vc-addons/js/youtube-playlist.js?ver=1.0.0 → pending (?ms, ?B)
[2026-08-28T23:21:41.290Z] GET https://x402.org/wp-content/themes/salient-child/javascript.js?ver=3.6.1 → pending (?ms, ?B)
[2026-08-28T23:21:41.290Z] GET https://x402.org/wp-content/themes/salient/js/build/third-party/jquery.easing.min.js?ver=1.3 → pending (?ms, ?B)
[2026-08-28T23:21:41.290Z] GET https://x402.org/wp-content/themes/salient/js/build/priority.js?ver=18.2.1 → pending (?ms, ?B)
[2026-08-28T23:21:41.290Z] GET https://x402.org/wp-content/themes/salient/js/build/third-party/transit.min.js?ver=0.9.9 → pending (?ms, ?B)
[2026-08-28T23:21:41.290Z] GET https://x402.org/wp-content/themes/salient/js/build/third-party/waypoints.js?ver=4.0.2 → pending (?ms, ?B)
[2026-08-28T23:21:41.290Z] GET https://x402.org/wp-content/themes/salient/js/build/third-party/imagesLoaded.min.js?ver=4.1.4 → pending (?ms, ?B)
[2026-08-28T23:21:41.290Z] GET https://x402.org/wp-content/themes/salient/js/build/third-party/hoverintent.min.js?ver=1.9 → pending (?ms, ?B)
[2026-08-28T23:21:41.290Z] GET https://x402.org/wp-content/themes/salient/js/build/third-party/jquery.fancybox.js?ver=18.2.1 → pending (?ms, ?B)
[2026-08-28T23:21:41.290Z] GET https://x402.org/wp-content/themes/salient/js/build/third-party/anime.min.js?ver=4.5.1 → pending (?ms, ?B)
[2026-08-28T23:21:41.290Z] GET https://x402.org/wp-content/themes/salient/js/build/third-party/superfish.js?ver=1.5.8 → pending (?ms, ?B)
[2026-08-28T23:21:41.290Z] GET https://x402.org/wp-content/themes/salient/js/build/init.js?ver=18.2.1 → pending (?ms, ?B)
[2026-08-28T23:21:41.290Z] GET https://x402.org/wp-content/plugins/salient-core/js/third-party/touchswipe.min.js?ver=3.1.5 → pending (?ms, ?B)
[2026-08-28T23:21:41.290Z] GET https://x402.org/wp-content/plugins/js_composer_salient/assets/js/dist/js_composer_front.min.js?ver=8.7.3 → pending (?ms, ?B)
[2026-08-28T23:21:41.290Z] GET https://cdnjs.cloudflare.com/ajax/libs/slick-carousel/1.9.0/slick.min.js?ver=1.9.0 → pending (?ms, ?B)
[2026-08-28T23:21:41.290Z] GET https://x402.org/wp-content/themes/salient-child/vc-addons/js/members-api-carousel.js?ver=1787872590 → pending (?ms, ?B)
[2026-08-28T23:21:45.436Z] GET https://transcend-cdn.com/cm/f484e2d0-ad2e-43a9-9d64-d07f6fa20966/ui.js → pending (?ms, ?B)
[2026-08-28T23:21:46.414Z] GET https://cdn.segment.com/v1/projects/EWFPUEsvJ00zc2eXsH3tNH3f3D00GhFY/settings → pending (?ms, ?B)
[2026-08-28T23:21:46.414Z] GET https://www.googletagmanager.com/gtm.js?id=GTM-5WKRTZ6Q → pending (?ms, ?B)
[2026-08-28T23:21:46.472Z] GET https://x402.org/wp-content/themes/salient/css/fonts/icomoon.woff?v=1.7 → 200 (558ms, 22218B)
[2026-08-28T23:21:46.472Z] GET https://fonts.gstatic.com/s/instrumentserif/v5/jizBRFtNs2ka5fXjeivQ4LroWlx-6zUTjnTLgNs.woff2 → pending (?ms, ?B)
[2026-08-28T23:21:46.473Z] GET https://fonts.gstatic.com/s/inter/v20/UcC73FwrK3iLTeHuS_nVMrMxCp50SjIa1ZL7W0Q5nw.woff2 → pending (?ms, ?B)
[2026-08-28T23:21:46.473Z] GET https://fonts.gstatic.com/s/opensans/v44/memvYaGs126MiZpBA-UvWbX2vVnXBbObj2OVTS-mu0SC55I.woff2 → pending (?ms, ?B)
[2026-08-28T23:21:46.473Z] GET https://use.fontawesome.com/releases/v6.0.0/webfonts/fa-brands-400.woff2 → pending (?ms, ?B)
[2026-08-28T23:21:46.473Z] GET https://x402.org/wp-content/themes/salient-child/fonts/Inter/static/Inter_18pt-Regular.ttf → pending (?ms, ?B)
[2026-08-28T23:21:46.473Z] GET https://use.fontawesome.com/releases/v6.0.0/webfonts/fa-solid-900.woff2 → pending (?ms, ?B)
[2026-08-28T23:21:46.475Z] GET https://x402.org/wp-content/uploads/sites/10/2026/06/logo-animation-light.mp4 → pending (?ms, ?B)
[2026-08-28T23:21:47.790Z] POST https://api.segment.io/v1/p → pending (?ms, ?B)
[2026-08-28T23:21:53.159Z] GET https://x402.org/wp-content/uploads/sites/10/2026/06/logo-animation-light.mp4 → pending (?ms, ?B)
[2026-08-28T23:21:56.206Z] GET blob:https://x402.org/3dd18ace-0d15-4ba2-b6d7-0a088724312f → 200 (126ms, -73B)
[2026-08-28T23:21:56.241Z] GET https://use.fontawesome.com/releases/v6.0.0/webfonts/fa-v4compatibility.woff2 → pending (?ms, ?B)
[2026-08-28T23:21:56.242Z] GET https://api-gw.platform.linuxfoundation.org/project-service/v1/public/projects/lfXoAq207KdyoiL9B9/members?status=Active&type=Premier%20Membership&orderBy=name → pending (?ms, ?B)
[2026-08-28T23:21:56.468Z] GET https://x402.org/wp-includes/js/wp-emoji-release.min.js?ver=7.0.4 → pending (?ms, ?B)
[2026-08-28T23:21:56.839Z] GET https://transcend-cdn.com/cm/f484e2d0-ad2e-43a9-9d64-d07f6fa20966/cm.css → pending (?ms, ?B)
[2026-08-28T23:21:56.839Z] GET https://transcend-cdn.com/cm/f484e2d0-ad2e-43a9-9d64-d07f6fa20966/translations/en.json → pending (?ms, ?B)
[2026-08-28T23:22:02.504Z] GET https://www.googletagmanager.com/gtag/js?id=G-K4GLMREL67&cx=c&gtm=4e68q1 → pending (?ms, ?B)
[2026-08-28T23:22:08.924Z] GET https://cdn.jsdelivr.net/jquery.slick/1.3.15/ajax-loader.gif → pending (?ms, ?B)
[2026-08-28T23:22:08.924Z] GET https://lf-master-organization-logos-prod.s3.us-east-2.amazonaws.com/adyen-n.v.svg → pending (?ms, ?B)
[2026-08-28T23:22:08.924Z] GET https://lf-master-organization-logos-prod.s3.us-east-2.amazonaws.com/amazon-web-services-inc.svg → pending (?ms, ?B)
[2026-08-28T23:22:08.924Z] GET https://lf-master-organization-logos-prod.s3.us-east-2.amazonaws.com/american-express.svg → pending (?ms, ?B)
[2026-08-28T23:22:08.924Z] GET https://lf-platform-documents-prod.s3.amazonaws.com/circle_internet_financial_llc_1766094685366_001QP00000KyzV0YAJ.svg → pending (?ms, ?B)
[2026-08-28T23:22:08.924Z] GET https://lf-master-organization-logos-prod.s3.us-east-2.amazonaws.com/cloudflareinc..svg → pending (?ms, ?B)
[2026-08-28T23:22:08.924Z] GET https://lf-master-organization-logos-prod.s3.us-east-2.amazonaws.com/coinbase-inc..svg → pending (?ms, ?B)
[2026-08-28T23:22:08.925Z] GET https://lf-master-organization-logos-prod.s3.us-east-2.amazonaws.com/fiserv.svg → pending (?ms, ?B)
[2026-08-28T23:22:08.925Z] GET https://lf-master-organization-logos-prod.s3.us-east-2.amazonaws.com/google-llc.svg → pending (?ms, ?B)
[2026-08-28T23:22:08.925Z] GET https://lf-platform-documents-prod.s3.amazonaws.com/mastercard_incorporated_1745403725626_0014100000Te0MsAAJ.svg → pending (?ms, ?B)
[2026-08-28T23:22:08.925Z] GET https://lf-platform-documents-prod.s3.amazonaws.com/monad_foundation_2713_1781111151176_001QP00001YsWV5YAN.svg → pending (?ms, ?B)
[2026-08-28T23:22:08.925Z] GET https://lf-master-organization-logos-prod.s3.us-east-2.amazonaws.com/moonpay-usa-llc.svg → pending (?ms, ?B)
[2026-08-28T23:22:08.926Z] GET https://lf-master-organization-logos-prod.s3.us-east-2.amazonaws.com/ripple-inc.svg → pending (?ms, ?B)
[2026-08-28T23:22:08.926Z] GET https://lf-platform-documents-prod.s3.amazonaws.com/shopify_logo_whitebg.svg → pending (?ms, ?B)
[2026-08-28T23:22:08.926Z] GET https://lf-master-organization-logos-prod.s3.us-east-2.amazonaws.com/solana-foundation.svg → pending (?ms, ?B)
[2026-08-28T23:22:08.926Z] GET https://lf-master-organization-logos-prod.s3.us-east-2.amazonaws.com/stellar_development_foundation.svg → pending (?ms, ?B)
[2026-08-28T23:22:08.926Z] GET https://lf-master-organization-logos-prod.s3.us-east-2.amazonaws.com/stripeinc..svg → pending (?ms, ?B)
[2026-08-28T23:22:08.926Z] GET https://lf-master-organization-logos-prod.s3.us-east-2.amazonaws.com/Visa-2014-logo-detail.svg → pending (?ms, ?B)
[2026-08-28T23:22:09.215Z] POST https://www.google-analytics.com/g/collect?v=2&tid=G-K4GLMREL67&gtm=45je68q1v9255935252z89255922575za20gzb9255922575zd9255922575&_p=1787959306403&gcs=G111&gcd=13t3t3t3t5l1&npa=0&dma=0&are=1&cid=1399226855.1787959329&frm=0&ngs=1&pscdl=noapi&rcb=3&sr=1280x720&uaa=arm&uab=64&uafvl=Not%253AA-Brand%3B99.0.0.0%7CHeadlessChrome%3B145.0.7632.6%7CChromium%3B145.0.7632.6&uam=&uamb=0&uap=macOS&uapv=26.5.2&uaw=0&ul=en-us&_s=1&tag_exp=115616985~115938465~115938469~118897920~118897930~120385422&sid=1787959329&sct=1&seg=0&dl=https%3A%2F%2Fx402.org%2F&dt=x402&en=page_view&_fv=1&_nsi=1&_ss=1&gap.plf=5&tfd=31194 → pending (?ms, ?B)
[2026-08-28T23:22:17.800Z] GET https://whitepaper.virtuals.io/llms.txt → pending (?ms, ?B)
[2026-08-28T23:22:23.786Z] GET https://whitepaper.virtuals.io/about-virtuals/commerce-layer → 200 (264ms, ?B)
[2026-08-28T23:22:24.062Z] GET https://static-2v.gitbook.com/_next/static/css/2ff825c4c39b79bb.css?dpl=p-db67585ee243d063c459a855988f21 → 200 (3ms, -617B)
[2026-08-28T23:22:24.062Z] GET https://static-2v.gitbook.com/_next/static/css/c36dde9599bfc781.css?dpl=p-db67585ee243d063c459a855988f21 → 200 (3ms, -617B)
[2026-08-28T23:22:24.062Z] GET https://static-2v.gitbook.com/_next/static/css/7a383765bb37d42c.css?dpl=p-db67585ee243d063c459a855988f21 → 200 (3ms, -617B)
[2026-08-28T23:22:24.062Z] GET https://static-2v.gitbook.com/_next/static/css/e3d65466d47b91eb.css?dpl=p-db67585ee243d063c459a855988f21 → 200 (4ms, -617B)
[2026-08-28T23:22:24.062Z] GET https://static-2v.gitbook.com/_next/static/chunks/webpack-f50861487ad1d88f.js?dpl=p-db67585ee243d063c459a855988f21 → pending (?ms, ?B)
[2026-08-28T23:22:24.062Z] GET https://static-2v.gitbook.com/_next/static/chunks/87c73c54-73ce2ea4103519fc.js?dpl=p-db67585ee243d063c459a855988f21 → pending (?ms, ?B)
[2026-08-28T23:22:24.062Z] GET https://static-2v.gitbook.com/_next/static/chunks/1968-ad8f13769ea7f87c.js?dpl=p-db67585ee243d063c459a855988f21 → pending (?ms, ?B)
[2026-08-28T23:22:24.062Z] GET https://static-2v.gitbook.com/_next/static/chunks/main-app-91564d502fa56e7b.js?dpl=p-db67585ee243d063c459a855988f21 → pending (?ms, ?B)
[2026-08-28T23:22:24.062Z] GET https://static-2v.gitbook.com/_next/static/chunks/app/global-error-444082c3323728b1.js?dpl=p-db67585ee243d063c459a855988f21 → pending (?ms, ?B)
[2026-08-28T23:22:24.062Z] GET https://static-2v.gitbook.com/_next/static/chunks/f5718501-893523a755638886.js?dpl=p-db67585ee243d063c459a855988f21 → pending (?ms, ?B)
[2026-08-28T23:22:24.062Z] GET https://static-2v.gitbook.com/_next/static/chunks/9071f66d-65831af376c95d36.js?dpl=p-db67585ee243d063c459a855988f21 → pending (?ms, ?B)
[2026-08-28T23:22:24.062Z] GET https://static-2v.gitbook.com/_next/static/chunks/9246-1df5a88dbb0722cb.js?dpl=p-db67585ee243d063c459a855988f21 → pending (?ms, ?B)
[2026-08-28T23:22:24.062Z] GET https://static-2v.gitbook.com/_next/static/chunks/6213-fcd8f601a9fdf399.js?dpl=p-db67585ee243d063c459a855988f21 → pending (?ms, ?B)
[2026-08-28T23:22:24.062Z] GET https://static-2v.gitbook.com/_next/static/chunks/6811-b5a1327b6b81e44f.js?dpl=p-db67585ee243d063c459a855988f21 → pending (?ms, ?B)
[2026-08-28T23:22:24.062Z] GET https://static-2v.gitbook.com/_next/static/chunks/8925-486365c44cd2d7ea.js?dpl=p-db67585ee243d063c459a855988f21 → pending (?ms, ?B)
[2026-08-28T23:22:24.062Z] GET https://static-2v.gitbook.com/_next/static/chunks/9935-4a78aba9a09028da.js?dpl=p-db67585ee243d063c459a855988f21 → pending (?ms, ?B)
[2026-08-28T23:22:24.062Z] GET https://static-2v.gitbook.com/_next/static/chunks/2335-e181abf1a0261c07.js?dpl=p-db67585ee243d063c459a855988f21 → pending (?ms, ?B)
[2026-08-28T23:22:24.062Z] GET https://static-2v.gitbook.com/_next/static/chunks/992-56591b54c8f7b487.js?dpl=p-db67585ee243d063c459a855988f21 → pending (?ms, ?B)
[2026-08-28T23:22:24.063Z] GET https://static-2v.gitbook.com/_next/static/chunks/3363-fc7ed41efac4a053.js?dpl=p-db67585ee243d063c459a855988f21 → pending (?ms, ?B)
[2026-08-28T23:22:24.063Z] GET https://static-2v.gitbook.com/_next/static/chunks/6435-7afb4dc3a513218b.js?dpl=p-db67585ee243d063c459a855988f21 → pending (?ms, ?B)
[2026-08-28T23:22:24.063Z] GET https://static-2v.gitbook.com/_next/static/chunks/app/sites/static/%5Bmode%5D/%5BsiteURL%5D/%5BsiteData%5D/(content)/%5BpagePath%5D/page-80080f9abed48bd0.js?dpl=p-db67585ee243d063c459a855988f21 → pending (?ms, ?B)
[2026-08-28T23:22:24.063Z] GET https://static-2v.gitbook.com/_next/static/chunks/4936-de0569877d6deb3a.js?dpl=p-db67585ee243d063c459a855988f21 → pending (?ms, ?B)
[2026-08-28T23:22:24.063Z] GET https://static-2v.gitbook.com/_next/static/chunks/2042-00c2905cc2cd8668.js?dpl=p-db67585ee243d063c459a855988f21 → pending (?ms, ?B)
[2026-08-28T23:22:24.063Z] GET https://static-2v.gitbook.com/_next/static/chunks/app/sites/static/%5Bmode%5D/%5BsiteURL%5D/%5BsiteData%5D/(content)/layout-25910a354221f436.js?dpl=p-db67585ee243d063c459a855988f21 → pending (?ms, ?B)
[2026-08-28T23:22:24.065Z] GET https://whitepaper.virtuals.io/~gitbook/site-index → pending (?ms, ?B)
[2026-08-28T23:22:24.115Z] GET https://static-2v.gitbook.com/~gitbook/static/fonts/inter/UcC73FwrK3iLTeHuS_nVMrMxCp50SjIa1ZL7W0Q5nw.woff2 → 200 (4ms, -739B)
[2026-08-28T23:22:24.118Z] GET https://static-2v.gitbook.com/~gitbook/static/fonts/ibm-plex-mono/-F63fjptAgt5VM-kVkqdyU8n1i8q131nj-o.woff2 → 200 (1ms, -733B)
[2026-08-28T23:22:25.256Z] GET https://app.gitbook.com/__session/2/?proposed=c3d02e4a-73a5-4360-b5d6-6a9ca556edbfR → 200 (173ms, 316B)
[2026-08-28T23:22:25.256Z] GET https://static-2v.gitbook.com/_next/static/chunks/3248.3285381d5915412f.js?dpl=p-db67585ee243d063c459a855988f21 → 200 (13ms, -687B)
[2026-08-28T23:22:25.257Z] GET https://static-2v.gitbook.com/_next/static/css/5435afa321af72fa.css?dpl=p-db67585ee243d063c459a855988f21?dpl=p-db67585ee243d063c459a855988f21 → 200 (?ms, -661B)
[2026-08-28T23:22:25.272Z] GET https://whitepaper.virtuals.io/?_rsc=hsOExG_5Qr44uAR5 → 200 (264ms, 46909B)
[2026-08-28T23:22:25.272Z] GET https://whitepaper.virtuals.io/about-virtuals/ai-agent-identity-and-banking-layer?_rsc=hsOExG_5Qr44uAR5 → 200 (378ms, 50282B)
[2026-08-28T23:22:25.273Z] GET https://whitepaper.virtuals.io/about-virtuals/capital-formation-layer?_rsc=hsOExG_5Qr44uAR5 → 200 (448ms, 51648B)
[2026-08-28T23:22:25.273Z] GET https://whitepaper.virtuals.io/about-virtuals/physical-labor-layer-robotics-and-embodied-ai?_rsc=hsOExG_5Qr44uAR5 → 200 (448ms, 50895B)
[2026-08-28T23:22:25.334Z] POST https://whitepaper.virtuals.io/about-virtuals/commerce-layer → 200 (487ms, 1250B)
[2026-08-28T23:22:25.431Z] POST https://whitepaper.virtuals.io/~gitbook/__evt?o=OefuIv32WG440h2tS5N0&s=site_Awm9G → 204 (658ms, ?B)
[2026-08-28T23:22:25.547Z] GET https://whitepaper.virtuals.io/about-virtuals/law-and-governance-layer?_rsc=hsOExG_5Qr44uAR5 → pending (?ms, ?B)
[2026-08-28T23:22:25.904Z] GET https://whitepaper.virtuals.io/about-virtuals/builders-resources-for-ai-agents?_rsc=hsOExG_5Qr44uAR5 → pending (?ms, ?B)
[2026-08-28T23:22:25.912Z] GET https://whitepaper.virtuals.io/info-hub/virtuals-builder-and-agent-token-launch-faq?_rsc=hsOExG_5Qr44uAR5 → pending (?ms, ?B)
[2026-08-28T23:22:25.913Z] GET https://whitepaper.virtuals.io/info-hub/usdvirtual-token-base-asset-for-ai-agents?_rsc=hsOExG_5Qr44uAR5 → pending (?ms, ?B)
[2026-08-28T23:22:26.149Z] GET https://whitepaper.virtuals.io/info-hub/virtuals-protocol-metrics-dashboard?_rsc=hsOExG_5Qr44uAR5 → 200 (290ms, 45221B)
[2026-08-28T23:22:26.238Z] GET https://whitepaper.virtuals.io/about-virtuals?_rsc=hsOExG_5Qr44uAR5 → 307 (262ms, 180464B)
[2026-08-28T23:22:26.320Z] GET https://whitepaper.virtuals.io/about-virtuals/ai-agent-identity-and-banking-layer/agent-console/build-an-ai-trading-agent-on-hyperliquid?_rsc=hsOExG_5Qr44uAR5 → 200 (380ms, 51507B)
[2026-08-28T23:22:26.372Z] GET https://whitepaper.virtuals.io/about-virtuals/commerce-layer?_rsc=94Zs4cDyD0N691Ot → 200 (351ms, 45755B)
[2026-08-28T23:22:26.500Z] GET https://whitepaper.virtuals.io/ → 200 (388ms, 46925B)
[2026-08-28T23:22:26.888Z] GET https://whitepaper.virtuals.io/?_rsc=hsOExG_5Qr44uAR5 → pending (?ms, ?B)
[2026-08-28T23:22:29.799Z] GET https://x402.gitbook.io/x402/getting-started/quickstart-for-sellers → pending (?ms, ?B)
[2026-08-28T23:22:31.617Z] GET https://static-2v.gitbook.com/_next/static/chunks/webpack-f50861487ad1d88f.js?dpl=p-db67585ee243d063c459a855988f21 → 200 (3ms, -648B)
[2026-08-28T23:22:31.617Z] GET https://static-2v.gitbook.com/_next/static/chunks/87c73c54-73ce2ea4103519fc.js?dpl=p-db67585ee243d063c459a855988f21 → 200 (5ms, -650B)
[2026-08-28T23:22:31.618Z] GET https://static-2v.gitbook.com/_next/static/chunks/1968-ad8f13769ea7f87c.js?dpl=p-db67585ee243d063c459a855988f21 → 200 (5ms, -641B)
[2026-08-28T23:22:31.618Z] GET https://static-2v.gitbook.com/_next/static/chunks/main-app-91564d502fa56e7b.js?dpl=p-db67585ee243d063c459a855988f21 → 200 (3ms, -650B)
[2026-08-28T23:22:31.648Z] GET https://static-2v.gitbook.com/_next/static/chunks/app/global-error-444082c3323728b1.js?dpl=p-db67585ee243d063c459a855988f21 → 200 (7ms, -661B)
[2026-08-28T23:22:31.648Z] GET https://static-2v.gitbook.com/_next/static/css/2ff825c4c39b79bb.css?dpl=p-db67585ee243d063c459a855988f21 → 200 (4ms, -617B)
[2026-08-28T23:22:31.648Z] GET https://static-2v.gitbook.com/_next/static/css/c36dde9599bfc781.css?dpl=p-db67585ee243d063c459a855988f21 → 200 (5ms, -617B)
[2026-08-28T23:22:31.648Z] GET https://static-2v.gitbook.com/_next/static/css/7a383765bb37d42c.css?dpl=p-db67585ee243d063c459a855988f21 → 200 (6ms, -617B)
[2026-08-28T23:22:31.648Z] GET https://static-2v.gitbook.com/_next/static/css/e3d65466d47b91eb.css?dpl=p-db67585ee243d063c459a855988f21 → 200 (6ms, -617B)
[2026-08-28T23:22:31.648Z] GET https://static-2v.gitbook.com/_next/static/chunks/f5718501-893523a755638886.js?dpl=p-db67585ee243d063c459a855988f21 → 200 (9ms, -650B)
[2026-08-28T23:22:31.648Z] GET https://static-2v.gitbook.com/_next/static/chunks/9071f66d-65831af376c95d36.js?dpl=p-db67585ee243d063c459a855988f21 → 200 (10ms, -649B)
[2026-08-28T23:22:31.648Z] GET https://static-2v.gitbook.com/_next/static/chunks/9246-1df5a88dbb0722cb.js?dpl=p-db67585ee243d063c459a855988f21 → 200 (11ms, -642B)
[2026-08-28T23:22:31.648Z] GET https://static-2v.gitbook.com/_next/static/chunks/6213-fcd8f601a9fdf399.js?dpl=p-db67585ee243d063c459a855988f21 → 200 (11ms, -687B)
[2026-08-28T23:22:31.648Z] GET https://static-2v.gitbook.com/_next/static/chunks/6811-b5a1327b6b81e44f.js?dpl=p-db67585ee243d063c459a855988f21 → 200 (10ms, -687B)
[2026-08-28T23:22:31.649Z] GET https://static-2v.gitbook.com/_next/static/chunks/8925-486365c44cd2d7ea.js?dpl=p-db67585ee243d063c459a855988f21 → 200 (9ms, -687B)
[2026-08-28T23:22:31.649Z] GET https://static-2v.gitbook.com/_next/static/chunks/9935-4a78aba9a09028da.js?dpl=p-db67585ee243d063c459a855988f21 → 200 (9ms, -687B)
[2026-08-28T23:22:31.649Z] GET https://static-2v.gitbook.com/_next/static/chunks/2335-e181abf1a0261c07.js?dpl=p-db67585ee243d063c459a855988f21 → 200 (9ms, -687B)
[2026-08-28T23:22:31.649Z] GET https://static-2v.gitbook.com/_next/static/chunks/992-56591b54c8f7b487.js?dpl=p-db67585ee243d063c459a855988f21 → pending (?ms, ?B)
[2026-08-28T23:22:31.649Z] GET https://static-2v.gitbook.com/_next/static/chunks/3363-fc7ed41efac4a053.js?dpl=p-db67585ee243d063c459a855988f21 → pending (?ms, ?B)
[2026-08-28T23:22:31.649Z] GET https://static-2v.gitbook.com/_next/static/chunks/6435-7afb4dc3a513218b.js?dpl=p-db67585ee243d063c459a855988f21 → pending (?ms, ?B)
[2026-08-28T23:22:31.650Z] GET https://static-2v.gitbook.com/_next/static/chunks/app/sites/static/%5Bmode%5D/%5BsiteURL%5D/%5BsiteData%5D/(content)/%5BpagePath%5D/page-80080f9abed48bd0.js?dpl=p-db67585ee243d063c459a855988f21 → pending (?ms, ?B)
[2026-08-28T23:22:31.650Z] GET https://x402.gitbook.io/x402/~gitbook/site-index → pending (?ms, ?B)
[2026-08-28T23:22:31.650Z] GET https://static-2v.gitbook.com/_next/static/chunks/4936-de0569877d6deb3a.js?dpl=p-db67585ee243d063c459a855988f21 → pending (?ms, ?B)
[2026-08-28T23:22:31.650Z] GET https://static-2v.gitbook.com/_next/static/chunks/2042-00c2905cc2cd8668.js?dpl=p-db67585ee243d063c459a855988f21 → pending (?ms, ?B)
[2026-08-28T23:22:31.650Z] GET https://static-2v.gitbook.com/_next/static/chunks/app/sites/static/%5Bmode%5D/%5BsiteURL%5D/%5BsiteData%5D/(content)/layout-25910a354221f436.js?dpl=p-db67585ee243d063c459a855988f21 → pending (?ms, ?B)
[2026-08-28T23:22:31.650Z] GET https://x402.gitbook.io/x402/~gitbook/icon?size=large&theme=light → pending (?ms, ?B)
[2026-08-28T23:22:31.652Z] GET https://x402.gitbook.io/x402/~gitbook/icon?size=large&theme=dark → pending (?ms, ?B)
[2026-08-28T23:22:33.192Z] GET https://static-2v.gitbook.com/_next/static/chunks/3248.3285381d5915412f.js?dpl=p-db67585ee243d063c459a855988f21 → 200 (13ms, -687B)
[2026-08-28T23:22:33.192Z] GET https://ka-p.fontawesome.com/releases/v7.2.0/svgs/regular/arrow-right.svg?v=2&token=a463935e93 → 200 (885ms, 400B)
[2026-08-28T23:22:33.192Z] GET https://ka-p.fontawesome.com/releases/v7.2.0/svgs/regular/home.svg?v=2&token=a463935e93 → 200 (881ms, 676B)
[2026-08-28T23:22:33.204Z] GET https://static-2v.gitbook.com/_next/static/css/5435afa321af72fa.css?dpl=p-db67585ee243d063c459a855988f21?dpl=p-db67585ee243d063c459a855988f21 → 200 (1ms, -661B)
[2026-08-28T23:22:33.229Z] GET https://static-2v.gitbook.com/~gitbook/static/fonts/inter/UcC73FwrK3iLTeHuS_nVMrMxCp50SjIa1ZL7W0Q5nw.woff2 → 200 (1ms, -739B)
[2026-08-28T23:22:33.229Z] GET https://static-2v.gitbook.com/~gitbook/static/fonts/inter/UcC73FwrK3iLTeHuS_nVMrMxCp50SjIa1ZL7W0Q5nw.woff2 → 200 (1ms, -739B)
[2026-08-28T23:22:33.229Z] GET https://static-2v.gitbook.com/~gitbook/static/fonts/inter/UcC73FwrK3iLTeHuS_nVMrMxCp50SjIa1ZL7W0Q5nw.woff2 → 200 (?ms, -739B)
[2026-08-28T23:22:33.229Z] GET https://static-2v.gitbook.com/~gitbook/static/fonts/ibm-plex-mono/-F63fjptAgt5VM-kVkqdyU8n1i8q131nj-o.woff2 → 200 (1ms, -733B)
[2026-08-28T23:22:33.251Z] GET https://app.gitbook.com/__session/2/?proposed=be785cbe-c054-4727-9e5f-07eddb3f5506R → 200 (222ms, 266B)
[2026-08-28T23:22:33.264Z] GET https://x402.gitbook.io/x402?_rsc=fJ5CpJXmQghrs0WK → 200 (449ms, 49135B)
[2026-08-28T23:22:33.275Z] GET https://x402.gitbook.io/x402/core-concepts/client-server?_rsc=fJ5CpJXmQghrs0WK → 200 (547ms, 45211B)
[2026-08-28T23:22:33.275Z] GET https://x402.gitbook.io/x402/introduction?_rsc=fJ5CpJXmQghrs0WK → 200 (287ms, 45354B)
[2026-08-28T23:22:33.275Z] GET https://x402.gitbook.io/x402/core-concepts?_rsc=fJ5CpJXmQghrs0WK → pending (?ms, ?B)
[2026-08-28T23:22:33.474Z] POST https://x402.gitbook.io/x402/~gitbook/__evt?o=VFdog4ECHLNV37DlJ8gK&s=site_6ih5j → pending (?ms, ?B)
[2026-08-28T23:22:33.585Z] GET https://x402.gitbook.io/x402/core-concepts/facilitator?_rsc=fJ5CpJXmQghrs0WK → pending (?ms, ?B)
[2026-08-28T23:22:33.824Z] GET https://x402.gitbook.io/x402/core-concepts/wallet?_rsc=fJ5CpJXmQghrs0WK → pending (?ms, ?B)
[2026-08-28T23:22:36.938Z] GET https://x402.gitbook.io/x402/core-concepts/scheme → pending (?ms, ?B)
[2026-08-28T23:22:39.095Z] GET https://static-2v.gitbook.com/_next/static/chunks/webpack-f50861487ad1d88f.js?dpl=p-db67585ee243d063c459a855988f21 → 200 (?ms, ?B)
[2026-08-28T23:22:39.096Z] GET https://static-2v.gitbook.com/_next/static/chunks/87c73c54-73ce2ea4103519fc.js?dpl=p-db67585ee243d063c459a855988f21 → 200 (?ms, ?B)
[2026-08-28T23:22:39.098Z] GET https://static-2v.gitbook.com/_next/static/chunks/1968-ad8f13769ea7f87c.js?dpl=p-db67585ee243d063c459a855988f21 → 200 (?ms, ?B)
[2026-08-28T23:22:39.098Z] GET https://static-2v.gitbook.com/_next/static/chunks/main-app-91564d502fa56e7b.js?dpl=p-db67585ee243d063c459a855988f21 → 200 (?ms, ?B)
[2026-08-28T23:22:39.131Z] GET https://static-2v.gitbook.com/_next/static/chunks/app/global-error-444082c3323728b1.js?dpl=p-db67585ee243d063c459a855988f21 → 200 (?ms, -661B)
[2026-08-28T23:22:39.131Z] GET https://static-2v.gitbook.com/_next/static/css/2ff825c4c39b79bb.css?dpl=p-db67585ee243d063c459a855988f21 → 200 (?ms, -617B)
[2026-08-28T23:22:39.132Z] GET https://static-2v.gitbook.com/_next/static/css/c36dde9599bfc781.css?dpl=p-db67585ee243d063c459a855988f21 → 200 (?ms, -617B)
[2026-08-28T23:22:39.132Z] GET https://static-2v.gitbook.com/_next/static/css/7a383765bb37d42c.css?dpl=p-db67585ee243d063c459a855988f21 → 200 (?ms, -617B)
[2026-08-28T23:22:39.132Z] GET https://static-2v.gitbook.com/_next/static/css/e3d65466d47b91eb.css?dpl=p-db67585ee243d063c459a855988f21 → 200 (?ms, -617B)
[2026-08-28T23:22:39.132Z] GET https://static-2v.gitbook.com/_next/static/chunks/f5718501-893523a755638886.js?dpl=p-db67585ee243d063c459a855988f21 → 200 (?ms, -650B)
[2026-08-28T23:22:39.132Z] GET https://static-2v.gitbook.com/_next/static/chunks/9071f66d-65831af376c95d36.js?dpl=p-db67585ee243d063c459a855988f21 → 200 (?ms, -649B)
[2026-08-28T23:22:39.132Z] GET https://static-2v.gitbook.com/_next/static/chunks/9246-1df5a88dbb0722cb.js?dpl=p-db67585ee243d063c459a855988f21 → 200 (?ms, -642B)
[2026-08-28T23:22:39.133Z] GET https://static-2v.gitbook.com/_next/static/chunks/6213-fcd8f601a9fdf399.js?dpl=p-db67585ee243d063c459a855988f21 → 200 (?ms, -687B)
[2026-08-28T23:22:39.133Z] GET https://static-2v.gitbook.com/_next/static/chunks/6811-b5a1327b6b81e44f.js?dpl=p-db67585ee243d063c459a855988f21 → 200 (?ms, -687B)
[2026-08-28T23:22:39.133Z] GET https://static-2v.gitbook.com/_next/static/chunks/8925-486365c44cd2d7ea.js?dpl=p-db67585ee243d063c459a855988f21 → 200 (?ms, -687B)
[2026-08-28T23:22:39.133Z] GET https://static-2v.gitbook.com/_next/static/chunks/9935-4a78aba9a09028da.js?dpl=p-db67585ee243d063c459a855988f21 → 200 (1ms, -687B)
[2026-08-28T23:22:39.134Z] GET https://static-2v.gitbook.com/_next/static/chunks/2335-e181abf1a0261c07.js?dpl=p-db67585ee243d063c459a855988f21 → 200 (?ms, -687B)
[2026-08-28T23:22:39.134Z] GET https://static-2v.gitbook.com/_next/static/chunks/992-56591b54c8f7b487.js?dpl=p-db67585ee243d063c459a855988f21 → 200 (?ms, -685B)
[2026-08-28T23:22:39.135Z] GET https://static-2v.gitbook.com/_next/static/chunks/3363-fc7ed41efac4a053.js?dpl=p-db67585ee243d063c459a855988f21 → 200 (?ms, -687B)
[2026-08-28T23:22:39.135Z] GET https://static-2v.gitbook.com/_next/static/chunks/6435-7afb4dc3a513218b.js?dpl=p-db67585ee243d063c459a855988f21 → 200 (1ms, -687B)
[2026-08-28T23:22:39.137Z] GET https://static-2v.gitbook.com/_next/static/chunks/app/sites/static/%5Bmode%5D/%5BsiteURL%5D/%5BsiteData%5D/(content)/%5BpagePath%5D/page-80080f9abed48bd0.js?dpl=p-db67585ee243d063c459a855988f21 → 200 (?ms, -768B)
[2026-08-28T23:22:39.140Z] GET https://x402.gitbook.io/x402/~gitbook/site-index → 200 (488ms, 1644B)
[2026-08-28T23:22:39.140Z] GET https://static-2v.gitbook.com/_next/static/chunks/4936-de0569877d6deb3a.js?dpl=p-db67585ee243d063c459a855988f21 → 200 (?ms, -686B)
[2026-08-28T23:22:39.149Z] GET https://static-2v.gitbook.com/_next/static/chunks/2042-00c2905cc2cd8668.js?dpl=p-db67585ee243d063c459a855988f21 → 200 (?ms, -686B)
[2026-08-28T23:22:39.149Z] GET https://static-2v.gitbook.com/_next/static/chunks/app/sites/static/%5Bmode%5D/%5BsiteURL%5D/%5BsiteData%5D/(content)/layout-25910a354221f436.js?dpl=p-db67585ee243d063c459a855988f21 → 200 (1ms, -758B)
[2026-08-28T23:22:39.150Z] GET https://x402.gitbook.io/x402/~gitbook/icon?size=large&theme=light → 200 (653ms, 14907B)
[2026-08-28T23:22:39.150Z] GET https://x402.gitbook.io/x402/~gitbook/icon?size=large&theme=dark → 200 (661ms, 17635B)
[2026-08-28T23:22:40.189Z] GET https://ka-p.fontawesome.com/releases/v7.2.0/svgs/regular/arrow-right.svg?v=2&token=a463935e93 → 200 (?ms, -423B)
[2026-08-28T23:22:40.191Z] GET https://ka-p.fontawesome.com/releases/v7.2.0/svgs/regular/home.svg?v=2&token=a463935e93 → 200 (?ms, -421B)
[2026-08-28T23:22:40.192Z] GET https://static-2v.gitbook.com/_next/static/chunks/3248.3285381d5915412f.js?dpl=p-db67585ee243d063c459a855988f21 → 200 (?ms, -687B)
[2026-08-28T23:22:40.200Z] GET https://static-2v.gitbook.com/_next/static/css/5435afa321af72fa.css?dpl=p-db67585ee243d063c459a855988f21?dpl=p-db67585ee243d063c459a855988f21 → 200 (?ms, -661B)
[2026-08-28T23:22:40.228Z] GET https://static-2v.gitbook.com/~gitbook/static/fonts/ibm-plex-mono/-F63fjptAgt5VM-kVkqdyU8n1i8q131nj-o.woff2 → 200 (?ms, -733B)
[2026-08-28T23:22:40.228Z] GET https://static-2v.gitbook.com/~gitbook/static/fonts/inter/UcC73FwrK3iLTeHuS_nVMrMxCp50SjIa1ZL7W0Q5nw.woff2 → 200 (?ms, -739B)
[2026-08-28T23:22:40.241Z] POST https://x402.gitbook.io/x402/~gitbook/__evt?o=VFdog4ECHLNV37DlJ8gK&s=site_6ih5j → pending (?ms, ?B)
[2026-08-28T23:22:40.241Z] GET https://x402.gitbook.io/x402?_rsc=dJx4v1pAtfu-2XJl → 200 (479ms, 49121B)
[2026-08-28T23:22:40.262Z] GET https://x402.gitbook.io/x402/core-concepts?_rsc=dJx4v1pAtfu-2XJl → 200 (572ms, 40137B)
[2026-08-28T23:22:40.262Z] GET https://x402.gitbook.io/x402/core-concepts/wallet?_rsc=dJx4v1pAtfu-2XJl → 200 (628ms, ?B)
[2026-08-28T23:22:40.262Z] GET https://x402.gitbook.io/x402/core-concepts/client-server?_rsc=dJx4v1pAtfu-2XJl → pending (?ms, ?B)
[2026-08-28T23:22:40.742Z] GET https://x402.gitbook.io/x402/core-concepts/facilitator?_rsc=dJx4v1pAtfu-2XJl → pending (?ms, ?B)
[2026-08-28T23:22:40.890Z] GET https://x402.gitbook.io/x402/core-concepts/http-402?_rsc=dJx4v1pAtfu-2XJl → pending (?ms, ?B)
[2026-08-28T23:22:54.575Z] GET https://os.virtuals.io/acp → pending (?ms, ?B)
[2026-08-28T23:23:01.184Z] GET https://github.com/coinbase/x402 → pending (?ms, ?B)
[2026-08-28T23:23:10.980Z] GET https://github.githubassets.com/assets/light-99f877e9ddfc0e51.css → 200 (13ms, -773B)
[2026-08-28T23:23:10.980Z] GET https://github.githubassets.com/assets/light_high_contrast-48fdd0811afbab3c.css → 200 (14ms, -771B)
[2026-08-28T23:23:10.980Z] GET https://github.githubassets.com/assets/dark-79ad2ace604703b3.css → 200 (15ms, -773B)
[2026-08-28T23:23:10.980Z] GET https://github.githubassets.com/assets/dark_high_contrast-24484a076f02295f.css → 200 (15ms, -771B)
[2026-08-28T23:23:10.980Z] GET https://github.githubassets.com/assets/primer-primitives-ed9ca172356fd545.css → 200 (15ms, -773B)
[2026-08-28T23:23:10.980Z] GET https://github.githubassets.com/assets/primer-1d2c7f7b52a6068b.css → 200 (16ms, -774B)
[2026-08-28T23:23:10.980Z] GET https://github.githubassets.com/assets/global-adcabba7b5c5d221.css → 200 (16ms, -773B)
[2026-08-28T23:23:10.982Z] GET https://github.githubassets.com/assets/github-552513ad07a183a1.css → 200 (18ms, -774B)
[2026-08-28T23:23:10.982Z] GET https://github.githubassets.com/assets/repository-11ee8a031c040c1a.css → 200 (18ms, -773B)
[2026-08-28T23:23:10.982Z] GET https://github.githubassets.com/assets/code-2d56bdb0166c0238.css → 200 (18ms, -774B)
[2026-08-28T23:23:10.982Z] GET https://github.githubassets.com/assets/high-contrast-cookie-700cb8fd7174aa98.js → 200 (27ms, -785B)
[2026-08-28T23:23:10.982Z] GET https://github.githubassets.com/assets/wp-runtime-331fa18d1abaa794.js → 200 (100ms, -785B)
[2026-08-28T23:23:10.982Z] GET https://github.githubassets.com/assets/app-foundation-4437307b8f9d7771.js → 200 (28ms, -785B)
[2026-08-28T23:23:10.982Z] GET https://github.githubassets.com/assets/app-runtime-8365b7f9078f5299.js → 200 (53ms, -786B)
[2026-08-28T23:23:10.982Z] GET https://github.githubassets.com/assets/fetch-utilities-8fe90c8c85b950d2.js → 200 (39ms, -786B)
[2026-08-28T23:23:10.982Z] GET https://github.githubassets.com/assets/78205-6cf07db9c71bd767.js → 200 (40ms, -785B)
[2026-08-28T23:23:10.982Z] GET https://github.githubassets.com/assets/environment-c48914b1d5684020.js → 200 (40ms, -784B)
[2026-08-28T23:23:10.982Z] GET https://github.githubassets.com/assets/app-runtime.4edc00cd7dcee842.module.css → 200 (21ms, -772B)
[2026-08-28T23:23:10.982Z] GET https://github.githubassets.com/assets/catalyst-38077bb411140672.js → 200 (40ms, -786B)
[2026-08-28T23:23:10.982Z] GET https://github.githubassets.com/assets/selector-observer-2649f99b2f1a6405.js → 200 (43ms, -786B)
[2026-08-28T23:23:10.983Z] GET https://github.githubassets.com/assets/relative-time-element-c21b72dfe6bab348.js → 200 (43ms, -786B)
[2026-08-28T23:23:10.983Z] GET https://github.githubassets.com/assets/296-2e18342b802e67d2.js → 200 (44ms, -786B)
[2026-08-28T23:23:10.983Z] GET https://github.githubassets.com/assets/816-41f1bbf5693911e3.js → 200 (45ms, -786B)
[2026-08-28T23:23:10.983Z] GET https://github.githubassets.com/assets/65637-cd80fa0f84afe946.js → 200 (45ms, -786B)
[2026-08-28T23:23:10.983Z] GET https://github.githubassets.com/assets/58494-bbf2743f411af058.js → 200 (46ms, -786B)
[2026-08-28T23:23:10.983Z] GET https://github.githubassets.com/assets/31721-0ef53b2f96a19876.js → 200 (48ms, -786B)
[2026-08-28T23:23:10.983Z] GET https://github.githubassets.com/assets/46740-90376e604f852814.js → 200 (50ms, -786B)
[2026-08-28T23:23:10.983Z] GET https://github.githubassets.com/assets/98944-57d83b43eefe5ac0.js → 200 (105ms, -787B)
[2026-08-28T23:23:10.983Z] GET https://github.githubassets.com/assets/github-elements-410d6e18e3495c58.js → 200 (51ms, -784B)
[2026-08-28T23:23:10.983Z] GET https://github.githubassets.com/assets/element-registry-169184f584b8675f.js → 200 (99ms, -785B)
[2026-08-28T23:23:10.983Z] GET https://github.githubassets.com/assets/runtime-helpers-fc37f5662f7833a3.js → 200 (52ms, -786B)
[2026-08-28T23:23:10.983Z] GET https://github.githubassets.com/assets/aria-live-7d7a9fdad5f85d01.js → 200 (52ms, -785B)
[2026-08-28T23:23:10.984Z] GET https://github.githubassets.com/assets/hotkey-1cb8fabe6be5aae6.js → 200 (52ms, -786B)
[2026-08-28T23:23:10.984Z] GET https://github.githubassets.com/assets/react-core-29d04a3ce0e60b2e.js → 200 (106ms, -787B)
[2026-08-28T23:23:10.984Z] GET https://github.githubassets.com/assets/react-lib-94319d819a6168f4.js → 200 (105ms, -786B)
[2026-08-28T23:23:10.984Z] GET https://github.githubassets.com/assets/50841-2b0631b45aaf5408.js → 200 (52ms, -786B)
[2026-08-28T23:23:10.984Z] GET https://github.githubassets.com/assets/2761-b7a9419af18b3168.js → 200 (52ms, -786B)
[2026-08-28T23:23:10.984Z] GET https://github.githubassets.com/assets/88475-1ef5f4960149f37f.js → 200 (58ms, -786B)
[2026-08-28T23:23:10.984Z] GET https://github.githubassets.com/assets/26533-677fb085023d4883.js → 200 (100ms, -787B)
[2026-08-28T23:23:10.984Z] GET https://github.githubassets.com/assets/3609-aeb65154451d2df4.js → 200 (58ms, -786B)
[2026-08-28T23:23:10.984Z] GET https://github.githubassets.com/assets/87644-a4a8bf1e50c8f268.js → 200 (58ms, -786B)
[2026-08-28T23:23:10.984Z] GET https://github.githubassets.com/assets/39448-1ea76084e5b8e2e3.js → 200 (59ms, -786B)
[2026-08-28T23:23:10.984Z] GET https://github.githubassets.com/assets/54130-e4c7ec7528d1f04f.js → 200 (59ms, -787B)
[2026-08-28T23:23:10.984Z] GET https://github.githubassets.com/assets/1741-19fd38c1c119f0b9.js → 200 (59ms, -786B)
[2026-08-28T23:23:10.984Z] GET https://github.githubassets.com/assets/64923-fd55cab179c0991d.js → 200 (59ms, -786B)
[2026-08-28T23:23:10.984Z] GET https://github.githubassets.com/assets/behaviors-1bb995b769c7ea12.js → 200 (105ms, -785B)
[2026-08-28T23:23:10.984Z] GET https://github.githubassets.com/assets/react-core.0027ad4d227604b8.module.css → 200 (37ms, -771B)
[2026-08-28T23:23:10.984Z] GET https://github.githubassets.com/assets/66728-c0b48e748ef8b0cf.js → 200 (60ms, -786B)
[2026-08-28T23:23:10.984Z] GET https://github.githubassets.com/assets/codespaces-cce3810865a01b17.js → 200 (61ms, -784B)
[2026-08-28T23:23:10.985Z] GET https://github.githubassets.com/assets/48042-3a37331ca124dac3.js → 200 (66ms, -786B)
[2026-08-28T23:23:10.985Z] GET https://github.githubassets.com/assets/repositories-6d7ac0e5606908c8.js → 200 (88ms, -785B)
[2026-08-28T23:23:10.985Z] GET https://github.githubassets.com/assets/code-menu-b19aefe6fd892cdc.js → 200 (88ms, -783B)
[2026-08-28T23:23:10.985Z] GET https://github.githubassets.com/assets/primer-react-3f5e80eddfe4fa83.js → 200 (105ms, -788B)
[2026-08-28T23:23:10.985Z] GET https://github.githubassets.com/assets/76256-4c9ade0d3ba0f30e.js → 200 (89ms, -786B)
[2026-08-28T23:23:10.985Z] GET https://github.githubassets.com/assets/437-866d9a255948fbf8.js → 200 (89ms, -786B)
[2026-08-28T23:23:10.985Z] GET https://github.githubassets.com/assets/2927-a89925c2c122f0b3.js → 200 (89ms, -786B)
[2026-08-28T23:23:10.986Z] GET https://github.githubassets.com/assets/13365-afa40f59b2c1ae40.js → 200 (102ms, -787B)
[2026-08-28T23:23:10.986Z] GET https://github.githubassets.com/assets/7463-c01d2638c7d87a79.js → 200 (88ms, -787B)
[2026-08-28T23:23:10.986Z] GET https://github.githubassets.com/assets/82065-d83c3301556505f1.js → 200 (89ms, -786B)
[2026-08-28T23:23:10.986Z] GET https://github.githubassets.com/assets/27600-87c6894442ac9f57.js → 200 (89ms, -785B)
[2026-08-28T23:23:10.986Z] GET https://github.githubassets.com/assets/60033-ac83dfbacec0c384.js → 200 (91ms, -786B)
[2026-08-28T23:23:10.986Z] GET https://github.githubassets.com/assets/14646-c29030274d61aca2.js → 200 (102ms, -787B)
[2026-08-28T23:23:10.986Z] GET https://github.githubassets.com/assets/11294-5b8577f6bc988a82.js → 200 (91ms, -785B)
[2026-08-28T23:23:10.988Z] GET https://github.githubassets.com/assets/89138-de750ac7185aeec4.js → 200 (89ms, -786B)
[2026-08-28T23:23:10.988Z] GET https://github.githubassets.com/assets/90329-c7b3cf6214d8d577.js → 200 (90ms, -787B)
[2026-08-28T23:23:10.988Z] GET https://github.githubassets.com/assets/55903-91e88e62460bae56.js → 200 (90ms, -786B)
[2026-08-28T23:23:10.988Z] GET https://github.githubassets.com/assets/52383-a696842abacedd89.js → 200 (92ms, -787B)
[2026-08-28T23:23:10.988Z] GET https://github.githubassets.com/assets/12300-b13e9eea6cc191a1.js → 200 (90ms, -786B)
[2026-08-28T23:23:10.988Z] GET https://github.githubassets.com/assets/33083-5bfc3e419dbd3b4e.js → 200 (92ms, -786B)
[2026-08-28T23:23:10.988Z] GET https://github.githubassets.com/assets/24254-e76bb3d4c66c3f3d.js → 200 (92ms, -787B)
[2026-08-28T23:23:10.988Z] GET https://github.githubassets.com/assets/84661-938e59aed66644bc.js → 200 (93ms, -785B)
[2026-08-28T23:23:10.988Z] GET https://github.githubassets.com/assets/87051-f8838e5828c8d9bb.js → 200 (93ms, -787B)
[2026-08-28T23:23:10.988Z] GET https://github.githubassets.com/assets/23989-9f2c58e6aedee694.js → 200 (93ms, -785B)
[2026-08-28T23:23:10.988Z] GET https://github.githubassets.com/assets/64709-2f9885a1f72f966c.js → 200 (94ms, -786B)
[2026-08-28T23:23:10.988Z] GET https://github.githubassets.com/assets/99666-e16732356424ef41.js → 200 (94ms, -786B)
[2026-08-28T23:23:10.988Z] GET https://github.githubassets.com/assets/64015-c67854db64676d7d.js → 200 (94ms, -787B)
[2026-08-28T23:23:10.988Z] GET https://github.githubassets.com/assets/23128-cc7fbe599e720ed4.js → 200 (94ms, -786B)
[2026-08-28T23:23:10.990Z] GET https://github.githubassets.com/assets/50084-db237f60c1874138.js → 200 (93ms, -786B)
[2026-08-28T23:23:10.990Z] GET https://github.githubassets.com/assets/110-c337c3fc77b06155.js → 200 (92ms, -785B)
[2026-08-28T23:23:10.990Z] GET https://github.githubassets.com/assets/1181-7f30d30e96ecc14c.js → 200 (93ms, -787B)
[2026-08-28T23:23:10.990Z] GET https://github.githubassets.com/assets/50006-8701d184da21a557.js → 200 (93ms, -786B)
[2026-08-28T23:23:10.990Z] GET https://github.githubassets.com/assets/94789-9edb64f391499e63.js → 200 (93ms, -785B)
[2026-08-28T23:23:10.990Z] GET https://github.githubassets.com/assets/819-3fb1e5106dc20469.js → 200 (93ms, -786B)
[2026-08-28T23:23:10.990Z] GET https://github.githubassets.com/assets/22828-631ce697062c1b2c.js → 200 (93ms, -786B)
[2026-08-28T23:23:10.990Z] GET https://github.githubassets.com/assets/53878-1d336962bed52509.js → 200 (94ms, -786B)
[2026-08-28T23:23:10.990Z] GET https://github.githubassets.com/assets/20277-7c60be2a3b3c0a75.js → 200 (94ms, -786B)
[2026-08-28T23:23:10.990Z] GET https://github.githubassets.com/assets/4596-aa474803d308d614.js → 200 (93ms, -786B)
[2026-08-28T23:23:10.990Z] GET https://github.githubassets.com/assets/27080-4351f698d6cd6e4f.js → 200 (94ms, -786B)
[2026-08-28T23:23:10.990Z] GET https://github.githubassets.com/assets/27555-36f6bd4ce4a97436.js → 200 (94ms, -786B)
[2026-08-28T23:23:10.990Z] GET https://github.githubassets.com/assets/56403-fa8d4be074ee04dd.js → 200 (94ms, -787B)
[2026-08-28T23:23:10.990Z] GET https://github.githubassets.com/assets/15923-13a155703619471d.js → 200 (95ms, -786B)
[2026-08-28T23:23:10.990Z] GET https://github.githubassets.com/assets/24850-9388f10dac6609c3.js → 200 (95ms, -786B)
[2026-08-28T23:23:10.990Z] GET https://github.githubassets.com/assets/20701-4b34a04737378d69.js → 200 (95ms, -786B)
[2026-08-28T23:23:10.990Z] GET https://github.githubassets.com/assets/64834-2f9d36b071419dda.js → 200 (99ms, -787B)
[2026-08-28T23:23:10.990Z] GET https://github.githubassets.com/assets/99412-65156a91f2f68057.js → 200 (96ms, -786B)
[2026-08-28T23:23:10.990Z] GET https://github.githubassets.com/assets/dynamic-github-ui--code-view--route-components-0bfe7d06096adcbb.js → 200 (101ms, -788B)
[2026-08-28T23:23:10.990Z] GET https://github.githubassets.com/assets/99388-2a6c421acaa902e8.js → 200 (96ms, -786B)
[2026-08-28T23:23:10.990Z] GET https://github.githubassets.com/assets/code-view-4d405f0360347c57.js → 200 (97ms, -784B)
[2026-08-28T23:23:10.991Z] GET https://github.githubassets.com/assets/primer-react-css.2489a3d4426b28d3.module.css → 200 (53ms, -772B)
[2026-08-28T23:23:10.991Z] GET https://github.githubassets.com/assets/1181.1fe8862e00251654.module.css → 200 (55ms, -772B)
[2026-08-28T23:23:10.991Z] GET https://github.githubassets.com/assets/4527.7acb62ab59e4bb7f.module.css → 200 (55ms, -772B)
[2026-08-28T23:23:10.991Z] GET https://github.githubassets.com/assets/dynamic-github-ui--code-view--route-components.1b6e469b25b9a7e8.module.css → 200 (58ms, -773B)
[2026-08-28T23:23:10.991Z] GET https://github.githubassets.com/assets/code-view.2ef85b37c73b0479.module.css → 200 (59ms, -769B)
[2026-08-28T23:23:10.991Z] GET https://github.githubassets.com/assets/7115-afcd35d1c4e62cd6.js → 200 (96ms, -786B)
[2026-08-28T23:23:10.991Z] GET https://github.githubassets.com/assets/90694-9f0eb78486cddc72.js → 200 (96ms, -785B)
[2026-08-28T23:23:10.991Z] GET https://github.githubassets.com/assets/notifications-subscriptions-menu-bfe8d2e7c3d41b7f.js → 200 (97ms, -783B)
[2026-08-28T23:23:10.991Z] GET https://github.githubassets.com/assets/notifications-subscriptions-menu.a0ab9f22574d348b.module.css → 200 (59ms, -770B)
[2026-08-28T23:23:10.991Z] GET https://github.githubassets.com/assets/30201-57c73cd53e57ec6a.js → 200 (99ms, -786B)
[2026-08-28T23:23:10.991Z] GET https://github.githubassets.com/assets/keyboard-shortcuts-dialog-d30a21715edf40e4.js → 200 (99ms, -784B)
[2026-08-28T23:23:10.991Z] GET https://github.githubassets.com/assets/keyboard-shortcuts-dialog.be9ac17fca9dafbe.module.css → 200 (60ms, -769B)
[2026-08-28T23:23:10.991Z] GET https://github.githubassets.com/assets/28052-948121aab0837bb7.js → 200 (99ms, -787B)
[2026-08-28T23:23:10.991Z] GET https://github.githubassets.com/assets/315-41a95191752f4a55.js → 200 (100ms, -787B)
[2026-08-28T23:23:10.992Z] GET https://github.githubassets.com/assets/71236-e2d5e8326b644be4.js → 200 (99ms, -786B)
[2026-08-28T23:23:10.992Z] GET https://github.githubassets.com/assets/72388-94b4afaeb2a8e5ba.js → 200 (99ms, -786B)
[2026-08-28T23:23:10.992Z] GET https://github.githubassets.com/assets/48129-83d8fafa2f4a17fa.js → 200 (99ms, -785B)
[2026-08-28T23:23:10.992Z] GET https://github.githubassets.com/assets/44650-9e3583f09b45b865.js → 200 (99ms, -787B)
[2026-08-28T23:23:10.992Z] GET https://github.githubassets.com/assets/6795-d3cd52656f429bdd.js → 200 (99ms, -785B)
[2026-08-28T23:23:10.992Z] GET https://github.githubassets.com/assets/lazy-react-partial-marketing-header-a9133fb27123d69a.js → 200 (99ms, -785B)
[2026-08-28T23:23:10.992Z] GET https://github.githubassets.com/assets/marketing-header-1df4c6238033cbc0.js → 200 (99ms, -783B)
[2026-08-28T23:23:10.993Z] GET https://github.githubassets.com/assets/primer-react-brand-css.d7bf4cd1af1bdba4.module.css → 200 (58ms, -773B)
[2026-08-28T23:23:10.993Z] GET https://github.githubassets.com/assets/lazy-react-partial-marketing-header.34c48846361e9495.module.css → 200 (77ms, -770B)
[2026-08-28T23:23:11.149Z] GET https://github.com/coinbase/x402/raw/main/static/flow.png → 302 (389ms, ?B)
[2026-08-28T23:23:11.242Z] GET https://github.githubassets.com/assets/chunk-67800-a3ff55b29a2bff72.js → 200 (177ms, -786B)
[2026-08-28T23:23:11.242Z] GET https://github.githubassets.com/assets/chunk-33450-b52ca247f17f6df2.js → 200 (178ms, -787B)
[2026-08-28T23:23:11.326Z] GET https://github.com/coinbase/x402/latest-commit → 200 (459ms, 14605B)
[2026-08-28T23:23:11.326Z] GET https://github.com/coinbase/x402/recently-touched-branches → 200 (359ms, 4304B)
[2026-08-28T23:23:11.326Z] GET https://github.com/coinbase/x402/branch-and-tag-count → 200 (357ms, 4271B)
[2026-08-28T23:23:11.390Z] GET https://github.githubassets.com/assets/chunk-lazy-element-select-panel-5fa22d0481756540.js → 200 (47ms, -785B)
[2026-08-28T23:23:11.390Z] GET https://github.githubassets.com/assets/chunk-lazy-element-toggle-switch-3a11594d2c171efb.js → 200 (48ms, -784B)
[2026-08-28T23:23:11.390Z] GET https://github.githubassets.com/assets/72307-a112a9cb5cac3257.js → 200 (48ms, -786B)
[2026-08-28T23:23:11.391Z] GET https://github.githubassets.com/assets/chunk-lazy-element-cookie-consent-link-2208f334847f8905.js → 200 (47ms, -785B)
[2026-08-28T23:23:11.391Z] GET https://github.githubassets.com/assets/chunk-lazy-element-ghcc-consent-c93266ab3fd34e7c.js → 200 (49ms, -785B)
[2026-08-28T23:23:11.391Z] GET https://github.githubassets.com/assets/chunk-lazy-element-webauthn-get-2f28740376809330.js → 200 (48ms, -785B)
[2026-08-28T23:23:11.391Z] GET https://github.githubassets.com/assets/38963.16071a40aeb54dc1.module.css → 200 (1ms, -771B)
[2026-08-28T23:23:11.391Z] GET https://github.githubassets.com/assets/chunk-lazy-react-partial-keyboard-shortcuts-dialog-d209deebd36e5da7.js → 200 (49ms, -785B)
[2026-08-28T23:23:11.419Z] GET https://github.com/in-product-messaging/budget-threshold-banner?organization=coinbase → 401 (366ms, ?B)
[2026-08-28T23:23:11.463Z] GET https://github.com/coinbase/x402/tree-commit-info → 200 (506ms, 41414B)
[2026-08-28T23:23:11.527Z] GET https://github.com/coinbase/x402/refs?type=branch → 200 (369ms, 5063B)
[2026-08-28T23:23:11.527Z] GET https://github.com/coinbase/x402/branch-infobar/main → 200 (514ms, 4384B)
[2026-08-28T23:23:11.528Z] GET https://github.com/coinbase/x402/overview-files/main → 200 (515ms, 20103B)
[2026-08-28T23:23:11.528Z] GET https://github.com/coinbase/x402/_sidebar → 200 (456ms, 4689B)
[2026-08-28T23:23:11.539Z] GET https://raw.githubusercontent.com/coinbase/x402/main/static/flow.png → pending (?ms, ?B)
[2026-08-28T23:23:11.552Z] GET https://github.githubassets.com/assets/3021.3f523b9ab313a9b3.module.css → 200 (?ms, -771B)
[2026-08-28T23:23:11.552Z] GET https://github.githubassets.com/assets/chunk-3021-37b9e8af477b7ad6.js → 200 (?ms, -786B)
[2026-08-28T23:23:11.802Z] GET https://avatars.githubusercontent.com/u/176062629?v=4&size=40 → pending (?ms, ?B)
[2026-08-28T23:23:11.802Z] GET https://avatars.githubusercontent.com/u/9859171?v=4&size=40 → pending (?ms, ?B)
[2026-08-28T23:23:11.802Z] GET https://avatars.githubusercontent.com/u/24273561?v=4&size=40 → pending (?ms, ?B)
[2026-08-28T23:23:11.802Z] GET https://avatars.githubusercontent.com/u/240590331?v=4&size=40 → pending (?ms, ?B)
[2026-08-28T23:23:11.802Z] GET https://avatars.githubusercontent.com/in/222410?v=4&size=40 → pending (?ms, ?B)
[2026-08-28T23:23:13.671Z] POST https://collector.github.com/github/collect → pending (?ms, ?B)
[2026-08-28T23:23:13.674Z] POST https://collector.github.com/github/collect → pending (?ms, ?B)
[2026-08-28T23:23:13.674Z] POST https://api.github.com/_private/browser/stats → pending (?ms, ?B)
[2026-08-28T23:23:18.676Z] POST https://collector.github.com/github/collect → pending (?ms, ?B)
[2026-08-28T23:23:25.890Z] GET https://raw.githubusercontent.com/coinbase/x402/main/specs/schemes/exact/scheme_exact_evm.md → pending (?ms, ?B)
[2026-08-28T23:23:31.889Z] GET https://os.virtuals.io/acp/overview/ → pending (?ms, ?B)
[2026-08-28T23:23:32.296Z] GET https://os.virtuals.io/initializeTheme.iife.js → 200 (362ms, 397B)
[2026-08-28T23:23:32.296Z] GET https://os.virtuals.io/assets/index-bNe0gOtP.js → pending (?ms, ?B)
[2026-08-28T23:23:32.296Z] GET https://os.virtuals.io/assets/style-BUSooU6V.css → 200 (364ms, 23502B)
[2026-08-28T23:23:32.663Z] GET https://www.googletagmanager.com/gtm.js?id=GTM-TNP7WWPB → pending (?ms, ?B)
[2026-08-28T23:23:32.953Z] GET https://fonts.googleapis.com/css2?family=Manrope:wght@500;600;700;800&display=swap → 200 (173ms, ?B)
[2026-08-28T23:23:33.226Z] GET https://os.virtuals.io/.vocs/icons/link.svg → 200 (382ms, 800B)
[2026-08-28T23:23:33.226Z] GET https://fonts.gstatic.com/s/manrope/v20/xn7gYHE41ni1AdIRggexSvfedN4.woff2 → 200 (124ms, 24702B)
[2026-08-28T23:23:33.324Z] GET https://www.googletagmanager.com/gtag/js?id=G-X3WPR1RQ33&cx=c&gtm=4e68q1 → 200 (508ms, 171315B)
[2026-08-28T23:23:33.324Z] GET https://www.clarity.ms/tag/x3mqy81uyv?ref=gtm → 200 (507ms, 712B)
[2026-08-28T23:23:33.634Z] GET https://os.virtuals.io/assets/overview-DTNXP-MT.js → 200 (384ms, 2420B)
[2026-08-28T23:23:33.832Z] GET https://scripts.clarity.ms/0.8.69-beta/clarity.js → pending (?ms, ?B)
[2026-08-28T23:23:33.859Z] POST https://www.google-analytics.com/g/collect?v=2&tid=G-X3WPR1RQ33&gtm=45je68q1v9254826298z89254816126za20gzb9254816126zd9254816126&_p=1787959412660&gcd=13l3l3l3l1l1&npa=0&dma=0&are=1&cid=595836455.1787959414&frm=0&ngs=1&pscdl=noapi&rcb=5&sr=1280x720&uaa=arm&uab=64&uafvl=Not%253AA-Brand%3B99.0.0.0%7CHeadlessChrome%3B145.0.7632.6%7CChromium%3B145.0.7632.6&uam=&uamb=0&uap=macOS&uapv=26.5.2&uaw=0&ul=en-us&_s=1&tag_exp=115938465~115938468~118897920~118897930~120385423&sid=1787959413&sct=1&seg=0&dl=https%3A%2F%2Fos.virtuals.io%2Facp%2Foverview%2F&dt=What%20is%20ACP%3F%20%E2%80%93%20EconomyOS&en=page_view&_fv=1&_nsi=1&_ss=1&tfd=1972 → pending (?ms, ?B)
[2026-08-28T23:23:34.048Z] GET https://os.virtuals.io/.vocs/search-index-2a8d4e4a.json → pending (?ms, ?B)
[2026-08-28T23:23:34.059Z] GET https://os.virtuals.io/assets/index-Dqt5uLhz.js → pending (?ms, ?B)
[2026-08-28T23:23:34.059Z] GET https://os.virtuals.io/assets/LandingHeader-DTkIthHY.js → pending (?ms, ?B)
[2026-08-28T23:23:34.059Z] GET https://os.virtuals.io/assets/community-DRDJFviT.js → pending (?ms, ?B)
[2026-08-28T23:23:34.059Z] GET https://os.virtuals.io/assets/overview-BLiBQDSu.js → pending (?ms, ?B)
[2026-08-28T23:23:34.059Z] GET https://os.virtuals.io/assets/models-BqTufd8J.js → pending (?ms, ?B)
[2026-08-28T23:23:34.059Z] GET https://os.virtuals.io/assets/concepts-DHMVr9pV.js → pending (?ms, ?B)
[2026-08-28T23:23:34.059Z] GET https://os.virtuals.io/assets/architecture-CNQmHff-.js → pending (?ms, ?B)
[2026-08-28T23:23:34.059Z] GET https://os.virtuals.io/assets/client-workflow-f7pyXeg_.js → pending (?ms, ?B)
[2026-08-28T23:23:34.059Z] GET https://os.virtuals.io/assets/provider-workflow-BDkMePEd.js → pending (?ms, ?B)
[2026-08-28T23:23:34.060Z] GET https://os.virtuals.io/assets/acp-serve-Ctnw6kXB.js → pending (?ms, ?B)
[2026-08-28T23:23:34.060Z] GET https://os.virtuals.io/assets/event-streaming-DTUWBekO.js → pending (?ms, ?B)
[2026-08-28T23:23:34.060Z] GET https://os.virtuals.io/assets/capital-formation-for-founders-CwwwGWAq.js → pending (?ms, ?B)
[2026-08-28T23:23:34.060Z] GET https://os.virtuals.io/assets/request-for-agents-C_RaLnGZ.js → pending (?ms, ?B)
[2026-08-28T23:23:34.060Z] GET https://os.virtuals.io/assets/showcase-contribute-DvqAx9lN.js → pending (?ms, ?B)
[2026-08-28T23:23:34.060Z] GET https://os.virtuals.io/assets/reference-DyIdaSIq.js → pending (?ms, ?B)
[2026-08-28T23:23:38.887Z] GET https://os.virtuals.io/acp/sdk/ → pending (?ms, ?B)
[2026-08-28T23:23:40.534Z] POST https://www.google-analytics.com/g/collect?v=2&tid=G-X3WPR1RQ33&gtm=45je68q1v9254826298za20gzb9254816126zd9254816126&_p=1787959412660&gcd=13l3l3l3l1l1&npa=0&dma=0&_eu=AAAAAAQ&are=1&cid=595836455.1787959414&frm=0&ngs=1&pscdl=noapi&rcb=5&sr=1280x720&uaa=arm&uab=64&uafvl=Not%253AA-Brand%3B99.0.0.0%7CHeadlessChrome%3B145.0.7632.6%7CChromium%3B145.0.7632.6&uam=&uamb=0&uap=macOS&uapv=26.5.2&uaw=0&ul=en-us&_s=2&tag_exp=115938465~115938468~118897920~118897930~120385423&sid=1787959413&sct=1&seg=0&dl=https%3A%2F%2Fos.virtuals.io%2Facp%2Foverview%2F&dt=What%20is%20ACP%3F%20%E2%80%93%20EconomyOS&en=user_engagement&_et=6657&tfd=8635 → pending (?ms, ?B)
[2026-08-28T23:23:40.535Z] POST https://www.google.com/g/collect?v=2&tid=G-X3WPR1RQ33&gtm=45je68q1v9254826298za20gzb9254816126zd9254816126&_p=1787959412660&gcd=13l3l3l3l1l1&npa=0&dma=0&_eu=AAAAAAQ&are=1&cid=595836455.1787959414&frm=0&ngs=1&pscdl=noapi&rcb=5&sr=1280x720&uaa=arm&uab=64&uafvl=Not%253AA-Brand%3B99.0.0.0%7CHeadlessChrome%3B145.0.7632.6%7CChromium%3B145.0.7632.6&uam=&uamb=0&uap=macOS&uapv=26.5.2&uaw=0&ul=en-us&_s=2&tag_exp=115938465~115938468~118897920~118897930~120385423&sid=1787959413&sct=1&seg=0&dl=https%3A%2F%2Fos.virtuals.io%2Facp%2Foverview%2F&dt=What%20is%20ACP%3F%20%E2%80%93%20EconomyOS&en=user_engagement&_et=6657&tfd=8635&gaf=1 → pending (?ms, ?B)
[2026-08-28T23:24:11.005Z] GET https://os.virtuals.io/acp/llms.txt → pending (?ms, ?B)
[2026-08-28T23:24:20.263Z] GET https://os.virtuals.io/acp/llms-full.txt → pending (?ms, ?B)
[2026-08-28T23:24:27.236Z] GET https://www.espn.com/soccer/fixtures/_/date/20260902 → pending (?ms, ?B)
[2026-08-28T23:24:28.683Z] GET https://dcf.espn.com/TWDC-DTCI/prod/Bootstrap.js → pending (?ms, ?B)
[2026-08-28T23:24:28.683Z] GET https://cdn1.espn.net/fitt-v3/ac89a7d402b3-2.0.5478/client/espnfitt/css/fusion-384a1dbd.css → pending (?ms, ?B)
[2026-08-28T23:24:28.683Z] GET https://cdn1.espn.net/fitt-v3/ac89a7d402b3-2.0.5478/client/espnfitt/7858-5bbf4900.css → pending (?ms, ?B)
[2026-08-28T23:24:28.683Z] GET https://cdn1.espn.net/fitt-v3/ac89a7d402b3-2.0.5478/client/espnfitt/8394-8b1f51e1.css → pending (?ms, ?B)
[2026-08-28T23:24:28.683Z] GET https://cdn1.espn.net/fitt-v3/ac89a7d402b3-2.0.5478/client/espnfitt/8532-0d1d0ca0.css → pending (?ms, ?B)
[2026-08-28T23:24:28.683Z] GET https://cdn1.espn.net/fitt-v3/ac89a7d402b3-2.0.5478/client/espnfitt/7748-9ae45f4c.css → pending (?ms, ?B)
[2026-08-28T23:24:28.687Z] GET https://cdn1.espn.net/fitt-v3/ac89a7d402b3-2.0.5478/client/espnfitt/830-2d943483.css → pending (?ms, ?B)
[2026-08-28T23:24:28.688Z] GET https://a.espncdn.com/fonts/_Publico/PublicoBannerExtraboldWeb.woff2 → pending (?ms, ?B)
[2026-08-28T23:24:28.688Z] GET https://a.espncdn.com/fonts/_BentonSans/BentonSansBlack.woff2 → pending (?ms, ?B)
[2026-08-28T23:24:28.689Z] GET https://a.espncdn.com/fonts/_BentonSansCond/BentonSansCondBold.woff2 → pending (?ms, ?B)
[2026-08-28T23:24:28.689Z] GET https://a.espncdn.com/fonts/_PlayoffProCond/PlayoffProCondBold.woff2 → pending (?ms, ?B)
[2026-08-28T23:24:28.689Z] GET https://a.espncdn.com/fonts/_PlayoffProCond/PlayoffProCondBlack.woff2 → pending (?ms, ?B)
[2026-08-28T23:24:28.696Z] GET https://a.espncdn.com/fonts/_BentonSans/BentonSansBold.woff2 → pending (?ms, ?B)
[2026-08-28T23:24:28.696Z] GET https://a.espncdn.com/fonts/_BentonSans/BentonSansMedium.woff2 → pending (?ms, ?B)
[2026-08-28T23:24:28.696Z] GET https://a.espncdn.com/fonts/_BentonSans/BentonSansRegular.woff2 → pending (?ms, ?B)
[2026-08-28T23:24:28.702Z] GET https://a.espncdn.com/fonts/_Ignite/ESPNIgniteDisplay-CondensedHeavy-Web.woff2 → pending (?ms, ?B)
[2026-08-28T23:24:28.702Z] GET https://a.espncdn.com/fonts/_Ignite/ESPNIgniteText-Regular-Web.woff2 → pending (?ms, ?B)
[2026-08-28T23:24:28.702Z] GET https://a.espncdn.com/fonts/_Ignite/ESPNIgniteTextCondensed-Regular-Web.woff2 → pending (?ms, ?B)
[2026-08-28T23:24:28.702Z] GET https://a.espncdn.com/fonts/_Ignite/ESPNIgniteTextCondensed-Bold-Web.woff2 → pending (?ms, ?B)
[2026-08-28T23:24:28.702Z] GET https://cdn1.espn.net/fitt-v3/ac89a7d402b3-2.0.5478/client/espnfitt/7169-0b841912.js → pending (?ms, ?B)
[2026-08-28T23:24:28.702Z] GET https://cdn1.espn.net/fitt-v3/ac89a7d402b3-2.0.5478/client/espnfitt/runtime-641c7cbb.js → pending (?ms, ?B)
[2026-08-28T23:24:28.702Z] GET https://cdn1.espn.net/fitt-v3/ac89a7d402b3-2.0.5478/client/espnfitt/dmp-sdk-dee16574.js → pending (?ms, ?B)
[2026-08-28T23:24:28.702Z] GET https://cdn1.espn.net/fitt-v3/ac89a7d402b3-2.0.5478/client/espnfitt/7858-3ceee84e.js → pending (?ms, ?B)
[2026-08-28T23:24:28.702Z] GET https://cdn1.espn.net/fitt-v3/ac89a7d402b3-2.0.5478/client/espnfitt/1782-b2cef90b.js → pending (?ms, ?B)
[2026-08-28T23:24:28.702Z] GET https://cdn1.espn.net/fitt-v3/ac89a7d402b3-2.0.5478/client/espnfitt/2647-5972f13f.js → pending (?ms, ?B)
[2026-08-28T23:24:28.703Z] GET https://cdn1.espn.net/fitt-v3/ac89a7d402b3-2.0.5478/client/espnfitt/3158-df33dccb.js → pending (?ms, ?B)
[2026-08-28T23:24:28.703Z] GET https://cdn1.espn.net/fitt-v3/ac89a7d402b3-2.0.5478/client/espnfitt/8394-18fc6d58.js → pending (?ms, ?B)
[2026-08-28T23:24:28.703Z] GET https://cdn1.espn.net/fitt-v3/ac89a7d402b3-2.0.5478/client/espnfitt/8532-449c6da3.js → pending (?ms, ?B)
[2026-08-28T23:24:28.895Z] GET https://cdn1.espn.net/fitt-v3/ac89a7d402b3-2.0.5478/client/espnfitt/4608-a366dfe0.js → pending (?ms, ?B)
[2026-08-28T23:24:28.895Z] GET https://cdn1.espn.net/fitt-v3/ac89a7d402b3-2.0.5478/client/espnfitt/7748-38cf794c.js → pending (?ms, ?B)
[2026-08-28T23:24:28.895Z] GET https://cdn1.espn.net/fitt-v3/ac89a7d402b3-2.0.5478/client/espnfitt/9089-fc016b7c.js → pending (?ms, ?B)
[2026-08-28T23:24:28.895Z] GET https://cdn1.espn.net/fitt-v3/ac89a7d402b3-2.0.5478/client/espnfitt/7834-6b45b66f.js → pending (?ms, ?B)
[2026-08-28T23:24:28.895Z] GET https://cdn1.espn.net/fitt-v3/ac89a7d402b3-2.0.5478/client/espnfitt/830-ad57dfd0.js → pending (?ms, ?B)
[2026-08-28T23:24:28.895Z] GET https://cdn1.espn.net/fitt-v3/ac89a7d402b3-2.0.5478/client/espnfitt/3064-04a9e9c8.js → pending (?ms, ?B)
[2026-08-28T23:24:28.895Z] GET https://a.espncdn.com/i/betting/Draftkings_Light.svg → pending (?ms, ?B)
[2026-08-28T23:24:29.432Z] GET https://cdn1.espn.net/fitt-v3/ac89a7d402b3-2.0.5478/client/espnfitt/_manifest.js → pending (?ms, ?B)
[2026-08-28T23:24:29.432Z] GET https://cdn1.espn.net/fitt-v3/ac89a7d402b3-2.0.5478/client/espnfitt/espn-en-f6ca6b00.js → pending (?ms, ?B)
[2026-08-28T23:24:29.432Z] GET https://cdn1.espn.net/fitt-v3/ac89a7d402b3-2.0.5478/client/espnfitt/espnfitt-8e2deda4.js → pending (?ms, ?B)
[2026-08-28T23:24:29.432Z] GET https://cdn1.espn.net/fitt-v3/ac89a7d402b3-2.0.5478/client/espnfitt/schedule-c905ee49.js → pending (?ms, ?B)
[2026-08-28T23:24:29.892Z] GET https://cdn.cookielaw.org/consent/e962d8c8-d4a3-459a-a6f4-d9c01dbac777/otSDKStub.js → pending (?ms, ?B)
[2026-08-28T23:24:29.907Z] GET https://www.datadoghq-browser-agent.com/us1/v5/datadog-rum.js → pending (?ms, ?B)
[2026-08-28T23:24:29.907Z] GET https://cdn1.espn.net/fitt-v3/ac89a7d402b3-2.0.5478/client/espnfitt/_manifest.js → pending (?ms, ?B)
[2026-08-28T23:24:29.908Z] GET https://cdn1.espn.net/fitt-v3/ac89a7d402b3-2.0.5478/client/espnfitt/espn-en-f6ca6b00.js → pending (?ms, ?B)
[2026-08-28T23:24:29.908Z] GET https://cdn1.espn.net/fitt-v3/ac89a7d402b3-2.0.5478/client/espnfitt/espnfitt-8e2deda4.js → pending (?ms, ?B)
[2026-08-28T23:24:29.908Z] GET https://cdn1.espn.net/fitt-v3/ac89a7d402b3-2.0.5478/client/espnfitt/schedule-c905ee49.js → pending (?ms, ?B)
[2026-08-28T23:24:31.166Z] GET https://secure.espncdn.com/redesign/assets/img/logos/logo-espn-82x20.png → pending (?ms, ?B)
[2026-08-28T23:24:31.168Z] GET https://a.espncdn.com/fonts/_BentonSans/BentonSansMedium-i18n-support.woff2 → pending (?ms, ?B)
[2026-08-28T23:24:31.168Z] GET https://a.espncdn.com/fonts/_BentonSans/BentonSansRegular-i18n-support.woff2 → pending (?ms, ?B)
[2026-08-28T23:24:32.669Z] POST https://events.launchdarkly.com/events/diagnostic/694083277d1bed098dab5ed2 → pending (?ms, ?B)
[2026-08-28T23:24:32.669Z] GET https://clientsdk.launchdarkly.com/sdk/goals/694083277d1bed098dab5ed2 → pending (?ms, ?B)
[2026-08-28T23:24:32.669Z] GET https://clientsdk.launchdarkly.com/sdk/evalx/694083277d1bed098dab5ed2/contexts/eyJraW5kIjoidXNlciIsImtleSI6ImFub24tMTc4Nzk1OTQ3MjY0OC1vMzFpNHdtN2ciLCJicmFuZCI6ImVzcG4ifQ → pending (?ms, ?B)
[2026-08-28T23:24:32.676Z] GET https://cdn1.espn.net/fitt-v3/ac89a7d402b3-2.0.5478/client/espnfitt/5192-7c89ade6.css → 200 (50ms, 751B)
[2026-08-28T23:24:32.679Z] GET https://cdn1.espn.net/fitt-v3/ac89a7d402b3-2.0.5478/client/espnfitt/5192-ae3c200c.js → pending (?ms, ?B)
[2026-08-28T23:24:33.298Z] GET https://cdn.cookielaw.org/consent/e962d8c8-d4a3-459a-a6f4-d9c01dbac777/e962d8c8-d4a3-459a-a6f4-d9c01dbac777.json → pending (?ms, ?B)
[2026-08-28T23:24:33.576Z] GET https://d24y7t659lna8o.cloudfront.net/@disney-web-player/bundle/0.4.5/dist/index.esm.js → pending (?ms, ?B)
[2026-08-28T23:24:34.215Z] GET https://cdn.cookielaw.org/scripttemplates/202601.2.0/otBannerSdk.js → pending (?ms, ?B)
[2026-08-28T23:24:34.658Z] POST https://events.launchdarkly.com/events/bulk/694083277d1bed098dab5ed2 → pending (?ms, ?B)
[2026-08-28T23:24:34.989Z] GET https://d24y7t659lna8o.cloudfront.net/@disney-web-player/bundle/0.4.5/dist/index-DeC1bVtx.js → pending (?ms, ?B)
[2026-08-28T23:24:34.989Z] GET https://d24y7t659lna8o.cloudfront.net/@disney-web-player/bundle/0.4.5/dist/index-fwO3B9OF.js → pending (?ms, ?B)
[2026-08-28T23:24:34.989Z] GET https://d24y7t659lna8o.cloudfront.net/@disney-web-player/bundle/0.4.5/dist/definePlayerComponent-DjjZEpkj.js → pending (?ms, ?B)
[2026-08-28T23:24:34.989Z] GET https://d24y7t659lna8o.cloudfront.net/@disney-web-player/bundle/0.4.5/dist/DraggableSurface.component-artVo9Wn.js → pending (?ms, ?B)
[2026-08-28T23:24:34.989Z] GET https://d24y7t659lna8o.cloudfront.net/@disney-web-player/bundle/0.4.5/dist/dcfExtension-CAuPfVtk.js → pending (?ms, ?B)
[2026-08-28T23:24:34.990Z] GET https://d24y7t659lna8o.cloudfront.net/@disney-web-player/bundle/0.4.5/dist/uiExtension-CO5-Z7JQ.js → pending (?ms, ?B)
[2026-08-28T23:24:34.990Z] GET https://d24y7t659lna8o.cloudfront.net/@disney-web-player/bundle/0.4.5/dist/analyticsExtension-CAgs0bw5.js → pending (?ms, ?B)
[2026-08-28T23:24:34.990Z] GET https://d24y7t659lna8o.cloudfront.net/@disney-web-player/bundle/0.4.5/dist/catchUpToLiveExtension-BQQpRVwU.js → pending (?ms, ?B)
[2026-08-28T23:24:34.990Z] GET https://d24y7t659lna8o.cloudfront.net/@disney-web-player/bundle/0.4.5/dist/continuousPlayExtension-BhrzbiCe.js → pending (?ms, ?B)
[2026-08-28T23:24:34.990Z] GET https://d24y7t659lna8o.cloudfront.net/@disney-web-player/bundle/0.4.5/dist/disneyPlusChromecastExtension-C4MXT3Rp.js → pending (?ms, ?B)
[2026-08-28T23:24:34.990Z] GET https://d24y7t659lna8o.cloudfront.net/@disney-web-player/bundle/0.4.5/dist/disneyStarPlusExtension-C14Hy32a.js → pending (?ms, ?B)
[2026-08-28T23:24:34.990Z] GET https://d24y7t659lna8o.cloudfront.net/@disney-web-player/bundle/0.4.5/dist/preplayExtension-BbFpLJ9H.js → pending (?ms, ?B)
[2026-08-28T23:24:34.990Z] GET https://d24y7t659lna8o.cloudfront.net/@disney-web-player/bundle/0.4.5/dist/playerUiExtension-Dq_OwMW1.js → pending (?ms, ?B)
[2026-08-28T23:24:34.990Z] GET https://d24y7t659lna8o.cloudfront.net/@disney-web-player/bundle/0.4.5/dist/actionTypes-Dz_7FbJg.js → pending (?ms, ?B)
[2026-08-28T23:24:34.990Z] GET https://d24y7t659lna8o.cloudfront.net/@disney-web-player/bundle/0.4.5/dist/keyboardActionCreators-CfZypREH.js → pending (?ms, ?B)
[2026-08-28T23:24:34.990Z] GET https://d24y7t659lna8o.cloudfront.net/@disney-web-player/bundle/0.4.5/dist/creators-5BQJRLjC.js → pending (?ms, ?B)
[2026-08-28T23:24:34.990Z] GET https://d24y7t659lna8o.cloudfront.net/@disney-web-player/bundle/0.4.5/dist/interstitialsExtension-BRonk7w7.js → pending (?ms, ?B)
[2026-08-28T23:24:34.991Z] GET https://d24y7t659lna8o.cloudfront.net/@disney-web-player/bundle/0.4.5/dist/nielsenExtension-LWyUW1d1.js → pending (?ms, ?B)
[2026-08-28T23:24:34.991Z] GET https://d24y7t659lna8o.cloudfront.net/@disney-web-player/bundle/0.4.5/dist/milestonesExtension-Eq3cLslk.js → pending (?ms, ?B)
[2026-08-28T23:24:34.991Z] GET https://d24y7t659lna8o.cloudfront.net/@disney-web-player/bundle/0.4.5/dist/qaExtension-CjhVU0Eo.js → pending (?ms, ?B)
[2026-08-28T23:24:34.991Z] GET https://d24y7t659lna8o.cloudfront.net/@disney-web-player/bundle/0.4.5/dist/adobeConcurrencyExtension-6h4MEvru.js → pending (?ms, ?B)
[2026-08-28T23:24:36.157Z] GET https://cdn.cookielaw.org/consent/e962d8c8-d4a3-459a-a6f4-d9c01dbac777/019a127c-d7fb-7def-ad00-e5f4d04957b3/en.json → pending (?ms, ?B)
[2026-08-28T23:24:36.566Z] GET https://cdn.cookielaw.org/scripttemplates/202601.2.0/assets/otFlat.json → 200 (326ms, 3324B)
[2026-08-28T23:24:36.566Z] GET https://cdn.cookielaw.org/scripttemplates/202601.2.0/assets/v2/otPcCenter.json → 200 (302ms, 13821B)
[2026-08-28T23:24:36.566Z] GET https://cdn.cookielaw.org/scripttemplates/202601.2.0/assets/otCommonStyles.css → pending (?ms, ?B)
[2026-08-28T23:24:37.334Z] GET https://cdn.cookielaw.org/logos/static/ot_close.svg → 200 (341ms, 626B)
[2026-08-28T23:24:37.342Z] GET https://cdn.cookielaw.org/logos/static/ot_guard_logo.svg → 200 (431ms, 504B)
[2026-08-28T23:24:37.346Z] GET https://cdn.cookielaw.org/logos/static/ot_company_logo.png → pending (?ms, ?B)
[2026-08-28T23:24:37.346Z] GET https://cdn.cookielaw.org/logos/static/powered_by_logo.svg → pending (?ms, ?B)
[2026-08-28T23:24:37.876Z] GET https://d24y7t659lna8o.cloudfront.net/@disney-web-player/bundle/0.4.5/dist/interstitialEvents-BGpNdXVf.js → 200 (222ms, 730B)
[2026-08-28T23:24:37.877Z] GET https://d24y7t659lna8o.cloudfront.net/@disney-web-player/bundle/0.4.5/dist/userActionType-Dpbg1HsZ.js → 200 (221ms, 1725B)
[2026-08-28T23:24:37.877Z] GET https://d24y7t659lna8o.cloudfront.net/@disney-web-player/bundle/0.4.5/dist/upNextDataSelector-C0HKDtG2.js → 200 (222ms, 759B)
[2026-08-28T23:24:37.879Z] GET https://d24y7t659lna8o.cloudfront.net/@disney-web-player/bundle/0.4.5/dist/uiActionType-DqUMN0HN.js → 200 (220ms, 996B)
[2026-08-28T23:24:37.898Z] GET https://d24y7t659lna8o.cloudfront.net/@disney-web-player/bundle/0.4.5/dist/liveStreamDataSelector-DJzcWcQ0.js → 200 (201ms, 1262B)
[2026-08-28T23:24:37.898Z] GET https://d24y7t659lna8o.cloudfront.net/@disney-web-player/bundle/0.4.5/dist/creators-FsmQz3Fw.js → 200 (204ms, 1008B)
[2026-08-28T23:24:38.072Z] GET https://d24y7t659lna8o.cloudfront.net/@disney-web-player/bundle/0.4.5/dist/milestonesSelector-BjhPEF1K.js → 200 (65ms, 692B)
[2026-08-28T23:24:38.092Z] GET https://d24y7t659lna8o.cloudfront.net/@disney-web-player/bundle/0.4.5/dist/entry-BinLV5Oe.js → 200 (67ms, 1056B)
[2026-08-28T23:24:38.219Z] GET https://pcs.bamgrid.com/v1/espn?namespaces=web&brand=google&platform=chrome → pending (?ms, ?B)
[2026-08-28T23:24:38.658Z] POST https://events.launchdarkly.com/events/bulk/694083277d1bed098dab5ed2 → 202 (249ms, ?B)
[2026-08-28T23:24:39.645Z] GET https://pcs.bamgrid.com/v1/espn?namespaces=hive-dmp → 200 (55ms, 853B)
[2026-08-28T23:24:39.708Z] GET https://hiveplayer-static.bamgrid.com/artifacts/hive/playback-service/26.9.0-iridessa/all_browser_es5/playback-service.js → pending (?ms, ?B)
[2026-08-28T23:24:41.302Z] GET https://pcs.bamgrid.com/v1/espn?brand=google&platform=chrome&os=macos&namespaces=hive-dmp,ads,pqm → 200 (670ms, 1393B)
[2026-08-28T23:24:41.972Z] GET https://pinpoint.espn.com/geo → pending (?ms, ?B)
[2026-08-28T23:24:41.972Z] GET https://site.web.api.espn.com/apis/site/v2/content/14274856/categories?lang=en&limit=50 → pending (?ms, ?B)
[2026-08-28T23:24:41.973Z] GET https://cdn.registerdisney.go.com/v4/OneID.js → pending (?ms, ?B)
[2026-08-28T23:24:41.973Z] GET https://client-sdk-configs.bamgrid.com/bam-sdk/v7.0/espn-a9b93989/browser/v35.3/macosx/chrome/prod.json → pending (?ms, ?B)
[2026-08-28T23:24:41.999Z] GET https://a.espncdn.com/assets/icons/appTile.svg → pending (?ms, ?B)
[2026-08-28T23:24:41.999Z] GET https://a.espncdn.com/assets/icons/fantasy-white.svg → pending (?ms, ?B)
[2026-08-28T23:24:41.999Z] GET https://a.espncdn.com/combiner/i?img=/redesign/assets/img/icons/ESPN-icon-soccer.png&w=64&h=64&scale=crop&cquality=40&location=origin → pending (?ms, ?B)
[2026-08-28T23:24:41.999Z] GET https://a.espncdn.com/redesign/assets/img/logos/espn-404@2x.png → pending (?ms, ?B)
[2026-08-28T23:24:41.999Z] GET https://a.espncdn.com/combiner/i?img=/i/teamlogos/soccer/500/223.png&w=40&h=40&scale=crop&cquality=40&location=origin → pending (?ms, ?B)
[2026-08-28T23:24:41.999Z] GET https://a.espncdn.com/combiner/i?img=/i/teamlogos/soccer/500/228.png&w=40&h=40&scale=crop&cquality=40&location=origin → pending (?ms, ?B)
[2026-08-28T23:24:42.003Z] GET https://cdn.taboola.com/libtrc/espn-network/loader.js → pending (?ms, ?B)
[2026-08-28T23:24:42.003Z] GET https://secure.espncdn.com/js/omniture/tracking.js → pending (?ms, ?B)
[2026-08-28T23:24:42.003Z] GET https://secure.espncdn.com/ad/doubleclick/ads.js → pending (?ms, ?B)
[2026-08-28T23:24:42.003Z] GET https://secure.espncdn.com/connected-devices/espn-watchsdk-js/4.6.8/dist/espn-watchsdk-web-umd.min.js → pending (?ms, ?B)
[2026-08-28T23:24:42.012Z] GET https://a.espncdn.com/combiner/i?img=/i/teamlogos/soccer/500/227.png&w=40&h=40&scale=crop&cquality=40&location=origin → pending (?ms, ?B)
[2026-08-28T23:24:42.012Z] GET https://a.espncdn.com/combiner/i?img=/i/teamlogos/soccer/500/220.png&w=40&h=40&scale=crop&cquality=40&location=origin → pending (?ms, ?B)
[2026-08-28T23:24:42.012Z] GET https://a.espncdn.com/combiner/i?img=/i/teamlogos/soccer/500/7013.png&w=40&h=40&scale=crop&cquality=40&location=origin → pending (?ms, ?B)
[2026-08-28T23:24:42.012Z] GET https://a.espncdn.com/combiner/i?img=/i/teamlogos/soccer/500/132.png&w=40&h=40&scale=crop&cquality=40&location=origin → pending (?ms, ?B)
[2026-08-28T23:24:42.012Z] GET https://a.espncdn.com/combiner/i?img=/i/teamlogos/soccer/500/3997.png&w=40&h=40&scale=crop&cquality=40&location=origin → pending (?ms, ?B)
[2026-08-28T23:24:42.012Z] GET https://a.espncdn.com/combiner/i?img=/i/teamlogos/soccer/500/4057.png&w=40&h=40&scale=crop&cquality=40&location=origin → pending (?ms, ?B)
[2026-08-28T23:24:42.023Z] GET https://a.espncdn.com/combiner/i?img=/i/teamlogos/soccer/500/118.png&w=40&h=40&scale=crop&cquality=40&location=origin → pending (?ms, ?B)
[2026-08-28T23:24:42.023Z] GET https://a.espncdn.com/combiner/i?img=/i/teamlogos/soccer/500/17530.png&w=40&h=40&scale=crop&cquality=40&location=origin → pending (?ms, ?B)
[2026-08-28T23:24:42.024Z] GET https://a.espncdn.com/combiner/i?img=/i/teamlogos/soccer/500/391.png&w=40&h=40&scale=crop&cquality=40&location=origin → pending (?ms, ?B)
[2026-08-28T23:24:42.024Z] GET https://a.espncdn.com/combiner/i?img=/i/teamlogos/soccer/500/352.png&w=40&h=40&scale=crop&cquality=40&location=origin → pending (?ms, ?B)
[2026-08-28T23:24:42.024Z] GET https://a.espncdn.com/combiner/i?img=/i/teamlogos/soccer/500/334.png&w=40&h=40&scale=crop&cquality=40&location=origin → pending (?ms, ?B)
[2026-08-28T23:24:42.024Z] GET https://a.espncdn.com/combiner/i?img=/i/teamlogos/soccer/500/347.png&w=40&h=40&scale=crop&cquality=40&location=origin → pending (?ms, ?B)
[2026-08-28T23:24:42.034Z] GET https://a.espncdn.com/combiner/i?img=/i/teamlogos/soccer/500/383.png&w=40&h=40&scale=crop&cquality=40&location=origin → pending (?ms, ?B)
[2026-08-28T23:24:42.034Z] GET https://a.espncdn.com/combiner/i?img=/i/teamlogos/soccer/500/372.png&w=40&h=40&scale=crop&cquality=40&location=origin → pending (?ms, ?B)
[2026-08-28T23:24:42.034Z] GET https://a.espncdn.com/combiner/i?img=/i/teamlogos/soccer/500/379.png&w=40&h=40&scale=crop&cquality=40&location=origin → pending (?ms, ?B)
[2026-08-28T23:24:42.034Z] GET https://a.espncdn.com/combiner/i?img=/i/teamlogos/soccer/500/369.png&w=40&h=40&scale=crop&cquality=40&location=origin → pending (?ms, ?B)
[2026-08-28T23:24:42.034Z] GET https://a.espncdn.com/combiner/i?img=/i/teamlogos/default-team-logo-500.png&h=40&w=40&scale=crop&cquality=40&location=origin → pending (?ms, ?B)
[2026-08-28T23:24:42.034Z] GET https://a.espncdn.com/combiner/i?img=/i/teamlogos/soccer/500/20107.png&w=40&h=40&scale=crop&cquality=40&location=origin → pending (?ms, ?B)
[2026-08-28T23:24:42.045Z] GET https://a.espncdn.com/combiner/i?img=/i/teamlogos/soccer/500/19258.png&w=40&h=40&scale=crop&cquality=40&location=origin → pending (?ms, ?B)
[2026-08-28T23:24:42.045Z] GET https://a.espncdn.com/combiner/i?img=/i/teamlogos/soccer/500/20835.png&w=40&h=40&scale=crop&cquality=40&location=origin → pending (?ms, ?B)
[2026-08-28T23:24:42.045Z] GET https://a.espncdn.com/combiner/i?img=/i/teamlogos/soccer/500/21127.png&w=40&h=40&scale=crop&cquality=40&location=origin → pending (?ms, ?B)
[2026-08-28T23:24:42.045Z] GET https://a.espncdn.com/combiner/i?img=/i/teamlogos/soccer/500/20802.png&w=40&h=40&scale=crop&cquality=40&location=origin → pending (?ms, ?B)
[2026-08-28T23:24:42.057Z] GET https://a.espncdn.com/combiner/i?img=/i/teamlogos/soccer/500/21428.png&w=40&h=40&scale=crop&cquality=40&location=origin → pending (?ms, ?B)
[2026-08-28T23:24:42.057Z] GET https://a.espncdn.com/combiner/i?img=/i/teamlogos/soccer/500/19970.png&w=40&h=40&scale=crop&cquality=40&location=origin → pending (?ms, ?B)
[2026-08-28T23:24:42.057Z] GET https://a.espncdn.com/combiner/i?img=/i/teamlogos/soccer/500/131423.png&w=40&h=40&scale=crop&cquality=40&location=origin → pending (?ms, ?B)
[2026-08-28T23:24:42.057Z] GET https://a.espncdn.com/combiner/i?img=/i/teamlogos/soccer/500/21128.png&w=40&h=40&scale=crop&cquality=40&location=origin → pending (?ms, ?B)
[2026-08-28T23:24:42.057Z] GET https://a.espncdn.com/combiner/i?img=/i/teamlogos/soccer/500/20796.png&w=40&h=40&scale=crop&cquality=40&location=origin → pending (?ms, ?B)
[2026-08-28T23:24:42.071Z] GET https://a.espncdn.com/combiner/i?img=/i/teamlogos/soccer/500/20092.png&w=40&h=40&scale=crop&cquality=40&location=origin → pending (?ms, ?B)
[2026-08-28T23:24:42.071Z] GET https://a.espncdn.com/combiner/i?img=/i/teamlogos/soccer/500/20115.png&w=40&h=40&scale=crop&cquality=40&location=origin → pending (?ms, ?B)
[2026-08-28T23:24:42.129Z] GET https://a.espncdn.com/combiner/i?img=/i/teamlogos/soccer/500/11170.png&w=40&h=40&scale=crop&cquality=40&location=origin → pending (?ms, ?B)
[2026-08-28T23:24:42.129Z] GET https://a.espncdn.com/combiner/i?img=/i/teamlogos/soccer/500/17982.png&w=40&h=40&scale=crop&cquality=40&location=origin → pending (?ms, ?B)
[2026-08-28T23:24:42.140Z] GET https://a.espncdn.com/combiner/i?img=/i/teamlogos/soccer/500/8503.png&w=40&h=40&scale=crop&cquality=40&location=origin → pending (?ms, ?B)
[2026-08-28T23:24:42.153Z] GET https://a.espncdn.com/combiner/i?img=/i/teamlogos/soccer/500/256.png&w=40&h=40&scale=crop&cquality=40&location=origin → pending (?ms, ?B)
[2026-08-28T23:24:42.153Z] GET https://a.espncdn.com/combiner/i?img=/i/teamlogos/soccer/500/263.png&w=40&h=40&scale=crop&cquality=40&location=origin → pending (?ms, ?B)
[2026-08-28T23:24:42.153Z] GET https://a.espncdn.com/combiner/i?img=/i/teamlogos/soccer/500/261.png&w=40&h=40&scale=crop&cquality=40&location=origin → pending (?ms, ?B)
[2026-08-28T23:24:42.153Z] GET https://a.espncdn.com/combiner/i?img=/i/teamlogos/soccer/500/267.png&w=40&h=40&scale=crop&cquality=40&location=origin → pending (?ms, ?B)
[2026-08-28T23:24:42.153Z] GET https://a.espncdn.com/combiner/i?img=/i/teamlogos/soccer/500/260.png&w=40&h=40&scale=crop&cquality=40&location=origin → pending (?ms, ?B)
[2026-08-28T23:24:42.153Z] GET https://a.espncdn.com/combiner/i?img=/i/teamlogos/soccer/500/250.png&w=40&h=40&scale=crop&cquality=40&location=origin → pending (?ms, ?B)
[2026-08-28T23:24:42.165Z] GET https://a.espncdn.com/combiner/i?img=/i/teamlogos/soccer/500/266.png&w=40&h=40&scale=crop&cquality=40&location=origin → pending (?ms, ?B)
[2026-08-28T23:24:42.165Z] GET https://a.espncdn.com/combiner/i?img=/i/teamlogos/soccer/500/264.png&w=40&h=40&scale=crop&cquality=40&location=origin → pending (?ms, ?B)
[2026-08-28T23:24:42.165Z] GET https://a.espncdn.com/combiner/i?img=/i/teamlogos/soccer/500/254.png&w=40&h=40&scale=crop&cquality=40&location=origin → pending (?ms, ?B)
[2026-08-28T23:24:42.165Z] GET https://a.espncdn.com/combiner/i?img=/i/teamlogos/soccer/500/257.png&w=40&h=40&scale=crop&cquality=40&location=origin → pending (?ms, ?B)
[2026-08-28T23:24:42.165Z] GET https://a.espncdn.com/combiner/i?img=/i/teamlogos/soccer/500/9729.png&w=40&h=40&scale=crop&cquality=40&location=origin → pending (?ms, ?B)
[2026-08-28T23:24:42.165Z] GET https://a.espncdn.com/combiner/i?img=/i/teamlogos/soccer/500/19411.png&w=40&h=40&scale=crop&cquality=40&location=origin → pending (?ms, ?B)
[2026-08-28T23:24:42.178Z] GET https://a.espncdn.com/combiner/i?img=/i/teamlogos/soccer/500/22524.png&w=40&h=40&scale=crop&cquality=40&location=origin → pending (?ms, ?B)
[2026-08-28T23:24:42.178Z] GET https://a.espncdn.com/combiner/i?img=/i/teamlogos/soccer/500/20000.png&w=40&h=40&scale=crop&cquality=40&location=origin → pending (?ms, ?B)
[2026-08-28T23:24:42.178Z] GET https://a.espncdn.com/guid/322a7e47-3cdb-3b5c-ab1b-678e1f2c27e5/logos/default.png → pending (?ms, ?B)
[2026-08-28T23:24:42.178Z] GET https://a.espncdn.com/combiner/i?img=/i/teamlogos/soccer/500/17826.png&w=40&h=40&scale=crop&cquality=40&location=origin → pending (?ms, ?B)
[2026-08-28T23:24:42.178Z] GET https://a.espncdn.com/combiner/i?img=/i/teamlogos/soccer/500/22528.png&w=40&h=40&scale=crop&cquality=40&location=origin → pending (?ms, ?B)
[2026-08-28T23:24:42.190Z] GET https://a.espncdn.com/combiner/i?img=/i/teamlogos/soccer/500/131580.png&w=40&h=40&scale=crop&cquality=40&location=origin → pending (?ms, ?B)
[2026-08-28T23:24:42.190Z] GET https://a.espncdn.com/combiner/i?img=/i/teamlogos/soccer/500/17545.png&w=40&h=40&scale=crop&cquality=40&location=origin → pending (?ms, ?B)
[2026-08-28T23:24:42.190Z] GET https://a.espncdn.com/combiner/i?img=/i/teamlogos/soccer/500/131582.png&w=40&h=40&scale=crop&cquality=40&location=origin → pending (?ms, ?B)
[2026-08-28T23:24:42.190Z] GET https://a.espncdn.com/combiner/i?img=/i/teamlogos/soccer/500/22542.png&w=40&h=40&scale=crop&cquality=40&location=origin → pending (?ms, ?B)
[2026-08-28T23:24:42.190Z] GET https://a.espncdn.com/combiner/i?img=/i/teamlogos/soccer/500/19995.png&w=40&h=40&scale=crop&cquality=40&location=origin → pending (?ms, ?B)
[2026-08-28T23:24:42.201Z] GET https://a.espncdn.com/combiner/i?img=/i/teamlogos/soccer/500/21821.png&w=40&h=40&scale=crop&cquality=40&location=origin → pending (?ms, ?B)
[2026-08-28T23:24:42.225Z] GET https://a.espncdn.com/combiner/i?img=/i/teamlogos/soccer/500/20112.png&w=40&h=40&scale=crop&cquality=40&location=origin → pending (?ms, ?B)
[2026-08-28T23:24:42.236Z] GET https://a.espncdn.com/combiner/i?img=/i/teamlogos/soccer/500/20836.png&w=40&h=40&scale=crop&cquality=40&location=origin → pending (?ms, ?B)
[2026-08-28T23:24:42.236Z] GET https://a.espncdn.com/combiner/i?img=/i/teamlogos/soccer/500/20984.png&w=40&h=40&scale=crop&cquality=40&location=origin → pending (?ms, ?B)
[2026-08-28T23:24:42.236Z] GET https://a.espncdn.com/combiner/i?img=/i/teamlogos/soccer/500/20096.png&w=40&h=40&scale=crop&cquality=40&location=origin → pending (?ms, ?B)
[2026-08-28T23:24:42.248Z] GET https://a.espncdn.com/combiner/i?img=/i/teamlogos/soccer/500/936.png&w=40&h=40&scale=crop&cquality=40&location=origin → pending (?ms, ?B)
[2026-08-28T23:24:42.248Z] GET https://a.espncdn.com/combiner/i?img=/i/teamlogos/soccer/500/5807.png&w=40&h=40&scale=crop&cquality=40&location=origin → pending (?ms, ?B)
[2026-08-28T23:24:42.248Z] GET https://a.espncdn.com/combiner/i?img=/i/teamlogos/soccer/500/1382.png&w=40&h=40&scale=crop&cquality=40&location=origin → pending (?ms, ?B)
[2026-08-28T23:24:42.248Z] GET https://a.espncdn.com/combiner/i?img=/i/teamlogos/soccer/500/18794.png&w=40&h=40&scale=crop&cquality=40&location=origin → pending (?ms, ?B)
[2026-08-28T23:24:42.248Z] GET https://a.espncdn.com/combiner/i?img=/i/teamlogos/soccer/500/2790.png&w=40&h=40&scale=crop&cquality=40&location=origin → pending (?ms, ?B)
[2026-08-28T23:24:42.248Z] GET https://a.espncdn.com/combiner/i?img=/i/teamlogos/soccer/500/519.png&w=40&h=40&scale=crop&cquality=40&location=origin → pending (?ms, ?B)
[2026-08-28T23:24:42.260Z] GET https://a.espncdn.com/combiner/i?img=/i/teamlogos/soccer/500/397.png&w=40&h=40&scale=crop&cquality=40&location=origin → pending (?ms, ?B)
[2026-08-28T23:24:42.260Z] GET https://a.espncdn.com/combiner/i?img=/i/teamlogos/soccer/500/346.png&w=40&h=40&scale=crop&cquality=40&location=origin → pending (?ms, ?B)
[2026-08-28T23:24:42.260Z] GET https://a.espncdn.com/combiner/i?img=/i/teamlogos/soccer/500/2567.png&w=40&h=40&scale=crop&cquality=40&location=origin → pending (?ms, ?B)
[2026-08-28T23:24:42.260Z] GET https://a.espncdn.com/combiner/i?img=/i/teamlogos/soccer/500/3802.png&w=40&h=40&scale=crop&cquality=40&location=origin → pending (?ms, ?B)
[2026-08-28T23:24:42.260Z] GET https://a.espncdn.com/combiner/i?img=/i/teamlogos/soccer/500/301.png&w=40&h=40&scale=crop&cquality=40&location=origin → pending (?ms, ?B)
[2026-08-28T23:24:42.260Z] GET https://a.espncdn.com/combiner/i?img=/i/teamlogos/soccer/500/400.png&w=40&h=40&scale=crop&cquality=40&location=origin → pending (?ms, ?B)
[2026-08-28T23:24:42.274Z] GET https://a.espncdn.com/combiner/i?img=/i/teamlogos/soccer/500/350.png&w=40&h=40&scale=crop&cquality=40&location=origin → pending (?ms, ?B)
[2026-08-28T23:24:42.274Z] GET https://a.espncdn.com/combiner/i?img=/i/teamlogos/soccer/500/390.png&w=40&h=40&scale=crop&cquality=40&location=origin → pending (?ms, ?B)
[2026-08-28T23:24:42.274Z] GET https://a.espncdn.com/combiner/i?img=/i/teamlogos/soccer/500/338.png&w=40&h=40&scale=crop&cquality=40&location=origin → pending (?ms, ?B)
[2026-08-28T23:24:42.274Z] GET https://a.espncdn.com/combiner/i?img=/i/teamlogos/soccer/500/304.png&w=40&h=40&scale=crop&cquality=40&location=origin → pending (?ms, ?B)
[2026-08-28T23:24:42.274Z] GET https://a.espncdn.com/combiner/i?img=/i/teamlogos/soccer/500/7853.png&w=40&h=40&scale=crop&cquality=40&location=origin → pending (?ms, ?B)
[2026-08-28T23:24:42.274Z] GET https://a.espncdn.com/combiner/i?img=/i/teamlogos/soccer/500/572.png&w=40&h=40&scale=crop&cquality=40&location=origin → pending (?ms, ?B)
[2026-08-28T23:24:42.287Z] GET https://a.espncdn.com/combiner/i?img=/i/teamlogos/soccer/500/21.png&w=40&h=40&scale=crop&cquality=40&location=origin → pending (?ms, ?B)
[2026-08-28T23:24:42.287Z] GET https://a.espncdn.com/combiner/i?img=/i/teamlogos/soccer/500/5.png&w=40&h=40&scale=crop&cquality=40&location=origin → pending (?ms, ?B)
[2026-08-28T23:24:42.287Z] GET https://a.espncdn.com/combiner/i?img=/i/teamlogos/soccer/500/10149.png&w=40&h=40&scale=crop&cquality=40&location=origin → pending (?ms, ?B)
[2026-08-28T23:24:42.287Z] GET https://a.espncdn.com/combiner/i?img=/i/teamlogos/soccer/500/10109.png&w=40&h=40&scale=crop&cquality=40&location=origin → pending (?ms, ?B)
[2026-08-28T23:24:42.287Z] GET https://a.espncdn.com/combiner/i?img=/i/teamlogos/soccer/500/819.png&w=40&h=40&scale=crop&cquality=40&location=origin → pending (?ms, ?B)
[2026-08-28T23:24:42.287Z] GET https://a.espncdn.com/combiner/i?img=/i/teamlogos/soccer/500/9169.png&w=40&h=40&scale=crop&cquality=40&location=origin → pending (?ms, ?B)
[2026-08-28T23:24:42.296Z] GET https://a.espncdn.com/combiner/i?img=/i/teamlogos/soccer/500/2674.png&w=40&h=40&scale=crop&cquality=40&location=origin → pending (?ms, ?B)
[2026-08-28T23:24:42.296Z] GET https://a.espncdn.com/combiner/i?img=/i/teamlogos/soccer/500/2029.png&w=40&h=40&scale=crop&cquality=40&location=origin → pending (?ms, ?B)
[2026-08-28T23:24:42.296Z] GET https://a.espncdn.com/combiner/i?img=/i/teamlogos/soccer/500/3457.png&w=40&h=40&scale=crop&cquality=40&location=origin → pending (?ms, ?B)
[2026-08-28T23:24:42.296Z] GET https://a.espncdn.com/combiner/i?img=/i/teamlogos/soccer/500/3454.png&w=40&h=40&scale=crop&cquality=40&location=origin → pending (?ms, ?B)
[2026-08-28T23:24:42.296Z] GET https://a.espncdn.com/combiner/i?img=/i/teamlogos/soccer/500/8186.png&w=40&h=40&scale=crop&cquality=40&location=origin → pending (?ms, ?B)
[2026-08-28T23:24:42.296Z] GET https://a.espncdn.com/combiner/i?img=/i/teamlogos/soccer/500/5362.png&w=40&h=40&scale=crop&cquality=40&location=origin → pending (?ms, ?B)
[2026-08-28T23:24:42.309Z] GET https://a.espncdn.com/combiner/i?img=/i/teamlogos/soccer/500/19195.png&w=40&h=40&scale=crop&cquality=40&location=origin → pending (?ms, ?B)
[2026-08-28T23:24:42.309Z] GET https://a.espncdn.com/combiner/i?img=/i/teamlogos/soccer/500/7427.png&w=40&h=40&scale=crop&cquality=40&location=origin → pending (?ms, ?B)
[2026-08-28T23:24:42.309Z] GET https://a.espncdn.com/combiner/i?img=/i/teamlogos/soccer/500/5488.png&w=40&h=40&scale=crop&cquality=40&location=origin → pending (?ms, ?B)
[2026-08-28T23:24:42.309Z] GET https://a.espncdn.com/combiner/i?img=/i/teamlogos/soccer/500/5484.png&w=40&h=40&scale=crop&cquality=40&location=origin → pending (?ms, ?B)
[2026-08-28T23:24:42.309Z] GET https://a.espncdn.com/combiner/i?img=/i/teamlogos/soccer/500/5487.png&w=40&h=40&scale=crop&cquality=40&location=origin → pending (?ms, ?B)
[2026-08-28T23:24:42.309Z] GET https://a.espncdn.com/combiner/i?img=/i/teamlogos/soccer/500/7915.png&w=40&h=40&scale=crop&cquality=40&location=origin → pending (?ms, ?B)
[2026-08-28T23:24:42.321Z] GET https://a.espncdn.com/combiner/i?img=/i/teamlogos/soccer/500/5264.png&w=40&h=40&scale=crop&cquality=40&location=origin → pending (?ms, ?B)
[2026-08-28T23:24:42.321Z] GET https://a.espncdn.com/combiner/i?img=/i/teamlogos/soccer/500/2672.png&w=40&h=40&scale=crop&cquality=40&location=origin → pending (?ms, ?B)
[2026-08-28T23:24:42.321Z] GET https://a.espncdn.com/combiner/i?img=/i/teamlogos/soccer/500/5584.png&w=40&h=40&scale=crop&cquality=40&location=origin → pending (?ms, ?B)
[2026-08-28T23:24:42.321Z] GET https://a.espncdn.com/combiner/i?img=/i/teamlogos/soccer/500/2670.png&w=40&h=40&scale=crop&cquality=40&location=origin → pending (?ms, ?B)
[2026-08-28T23:24:42.321Z] GET https://a.espncdn.com/combiner/i?img=/i/teamlogos/soccer/500/21313.png&w=40&h=40&scale=crop&cquality=40&location=origin → pending (?ms, ?B)
[2026-08-28T23:24:42.321Z] GET https://a.espncdn.com/combiner/i?img=/i/teamlogos/soccer/500/7466.png&w=40&h=40&scale=crop&cquality=40&location=origin → pending (?ms, ?B)
[2026-08-28T23:24:42.331Z] GET https://a.espncdn.com/combiner/i?img=/i/teamlogos/soccer/500/2675.png&w=40&h=40&scale=crop&cquality=40&location=origin → pending (?ms, ?B)
[2026-08-28T23:24:42.331Z] GET https://a.espncdn.com/combiner/i?img=/i/teamlogos/soccer/500/7385.png&w=40&h=40&scale=crop&cquality=40&location=origin → pending (?ms, ?B)
[2026-08-28T23:24:42.331Z] GET https://a.espncdn.com/combiner/i?img=/i/teamlogos/soccer/500/18439.png&w=40&h=40&scale=crop&cquality=40&location=origin → pending (?ms, ?B)
[2026-08-28T23:24:42.331Z] GET https://a.espncdn.com/combiner/i?img=/i/teamlogos/soccer/500/10307.png&w=40&h=40&scale=crop&cquality=40&location=origin → pending (?ms, ?B)
[2026-08-28T23:24:42.331Z] GET https://a.espncdn.com/combiner/i?img=/i/teamlogos/soccer/500/4812.png&w=40&h=40&scale=crop&cquality=40&location=origin → pending (?ms, ?B)
[2026-08-28T23:24:42.331Z] GET https://a.espncdn.com/combiner/i?img=/i/teamlogos/soccer/500/11124.png&w=40&h=40&scale=crop&cquality=40&location=origin → pending (?ms, ?B)
[2026-08-28T23:24:42.343Z] GET https://a.espncdn.com/combiner/i?img=/i/teamlogos/soccer/500/2686.png&w=40&h=40&scale=crop&cquality=40&location=origin → pending (?ms, ?B)
[2026-08-28T23:24:42.343Z] GET https://a.espncdn.com/combiner/i?img=/i/teamlogos/soccer/500/17086.png&w=40&h=40&scale=crop&cquality=40&location=origin → pending (?ms, ?B)
[2026-08-28T23:24:42.343Z] GET https://a.espncdn.com/combiner/i?img=/i/teamlogos/soccer/500/6763.png&w=40&h=40&scale=crop&cquality=40&location=origin → pending (?ms, ?B)
[2026-08-28T23:24:42.343Z] GET https://a.espncdn.com/combiner/i?img=/i/teamlogos/soccer/500/4818.png&w=40&h=40&scale=crop&cquality=40&location=origin → pending (?ms, ?B)
[2026-08-28T23:24:42.343Z] GET https://a.espncdn.com/combiner/i?img=/i/teamlogos/soccer/500/4811.png&w=40&h=40&scale=crop&cquality=40&location=origin → pending (?ms, ?B)
[2026-08-28T23:24:42.343Z] GET https://a.espncdn.com/combiner/i?img=/i/teamlogos/soccer/500/6762.png&w=40&h=40&scale=crop&cquality=40&location=origin → pending (?ms, ?B)
[2026-08-28T23:24:42.354Z] GET https://a.espncdn.com/combiner/i?img=/i/teamlogos/soccer/500/22174.png&w=40&h=40&scale=crop&cquality=40&location=origin → pending (?ms, ?B)
[2026-08-28T23:24:42.354Z] GET https://a.espncdn.com/combiner/i?img=/i/teamlogos/soccer/500/2681.png&w=40&h=40&scale=crop&cquality=40&location=origin → pending (?ms, ?B)
[2026-08-28T23:24:42.355Z] GET https://a.espncdn.com/combiner/i?img=/i/teamlogos/soccer/500/7107.png&w=40&h=40&scale=crop&cquality=40&location=origin → pending (?ms, ?B)
[2026-08-28T23:24:42.355Z] GET https://a.espncdn.com/combiner/i?img=/i/teamlogos/soccer/500/3385.png&w=40&h=40&scale=crop&cquality=40&location=origin → pending (?ms, ?B)
[2026-08-28T23:24:42.355Z] GET https://a.espncdn.com/combiner/i?img=/i/teamlogos/soccer/500/7109.png&w=40&h=40&scale=crop&cquality=40&location=origin → pending (?ms, ?B)
[2026-08-28T23:24:42.355Z] GET https://a.espncdn.com/combiner/i?img=/i/teamlogos/soccer/500/7476.png&w=40&h=40&scale=crop&cquality=40&location=origin → pending (?ms, ?B)
[2026-08-28T23:24:42.367Z] GET https://a.espncdn.com/combiner/i?img=/i/teamlogos/soccer/500/7111.png&w=40&h=40&scale=crop&cquality=40&location=origin → pending (?ms, ?B)
[2026-08-28T23:24:42.367Z] GET https://a.espncdn.com/combiner/i?img=/i/teamlogos/soccer/500/22522.png&w=40&h=40&scale=crop&cquality=40&location=origin → pending (?ms, ?B)
[2026-08-28T23:24:42.367Z] GET https://a.espncdn.com/combiner/i?img=/i/teamlogos/soccer/500/22167.png&w=40&h=40&scale=crop&cquality=40&location=origin → pending (?ms, ?B)
[2026-08-28T23:24:42.367Z] GET https://a.espncdn.com/combiner/i?img=/i/teamlogos/soccer/500/7112.png&w=40&h=40&scale=crop&cquality=40&location=origin → pending (?ms, ?B)
[2026-08-28T23:24:42.367Z] GET https://a.espncdn.com/combiner/i?img=/i/teamlogos/soccer/500/131701.png&w=40&h=40&scale=crop&cquality=40&location=origin → pending (?ms, ?B)
[2026-08-28T23:24:42.367Z] GET https://a.espncdn.com/combiner/i?img=/i/teamlogos/soccer/500/7115.png&w=40&h=40&scale=crop&cquality=40&location=origin → pending (?ms, ?B)
[2026-08-28T23:24:42.378Z] GET https://a.espncdn.com/combiner/i?img=/i/teamlogos/soccer/500/7114.png&w=40&h=40&scale=crop&cquality=40&location=origin → pending (?ms, ?B)
[2026-08-28T23:24:42.378Z] GET https://a.espncdn.com/combiner/i?img=/i/teamlogos/soccer/500/7108.png&w=40&h=40&scale=crop&cquality=40&location=origin → pending (?ms, ?B)
[2026-08-28T23:24:42.378Z] GET https://a.espncdn.com/combiner/i?img=/i/teamlogos/soccer/500/7104.png&w=40&h=40&scale=crop&cquality=40&location=origin → pending (?ms, ?B)
[2026-08-28T23:24:42.378Z] GET https://a.espncdn.com/combiner/i?img=/i/teamlogos/soccer/500/3384.png&w=40&h=40&scale=crop&cquality=40&location=origin → pending (?ms, ?B)
[2026-08-28T23:24:42.378Z] GET https://a.espncdn.com/combiner/i?img=/i/teamlogos/soccer/500/3393.png&w=40&h=40&scale=crop&cquality=40&location=origin → pending (?ms, ?B)
[2026-08-28T23:24:42.378Z] GET https://a.espncdn.com/combiner/i?img=/i/teamlogos/soccer/500/7477.png&w=40&h=40&scale=crop&cquality=40&location=origin → pending (?ms, ?B)
[2026-08-28T23:24:42.390Z] GET https://a.espncdn.com/combiner/i?img=/i/teamlogos/soccer/500/19001.png&w=40&h=40&scale=crop&cquality=40&location=origin → pending (?ms, ?B)
[2026-08-28T23:24:42.390Z] GET https://a.espncdn.com/combiner/i?img=/i/teamlogos/soccer/500/7102.png&w=40&h=40&scale=crop&cquality=40&location=origin → pending (?ms, ?B)
[2026-08-28T23:24:42.390Z] GET https://a.espncdn.com/combiner/i?img=/i/teamlogos/soccer/500/7116.png&w=40&h=40&scale=crop&cquality=40&location=origin → pending (?ms, ?B)
[2026-08-28T23:24:42.391Z] GET https://a.espncdn.com/combiner/i?img=/i/teamlogos/soccer/500/21361.png&w=40&h=40&scale=crop&cquality=40&location=origin → pending (?ms, ?B)
[2026-08-28T23:24:42.391Z] GET https://a.espncdn.com/combiner/i?img=/i/teamlogos/soccer/500/7084.png&w=40&h=40&scale=crop&cquality=40&location=origin → pending (?ms, ?B)
[2026-08-28T23:24:42.402Z] GET https://a.espncdn.com/combiner/i?img=/i/teamlogos/ncaa/500/2363.png&w=40&h=40&scale=crop&cquality=40&location=origin → pending (?ms, ?B)
[2026-08-28T23:24:42.402Z] GET https://a.espncdn.com/combiner/i?img=/i/teamlogos/ncaa/500/113.png&w=40&h=40&scale=crop&cquality=40&location=origin → pending (?ms, ?B)
[2026-08-28T23:24:42.402Z] GET https://a.espncdn.com/combiner/i?img=/i/teamlogos/ncaa/500/2349.png&w=40&h=40&scale=crop&cquality=40&location=origin → pending (?ms, ?B)
[2026-08-28T23:24:42.402Z] GET https://a.espncdn.com/combiner/i?img=/i/teamlogos/ncaa/500/2900.png&w=40&h=40&scale=crop&cquality=40&location=origin → pending (?ms, ?B)
[2026-08-28T23:24:42.412Z] GET https://a.espncdn.com/combiner/i?img=/i/teamlogos/ncaa/500/2441.png&w=40&h=40&scale=crop&cquality=40&location=origin → pending (?ms, ?B)
[2026-08-28T23:24:42.412Z] GET https://a.espncdn.com/combiner/i?img=/i/teamlogos/ncaa/500/2514.png&w=40&h=40&scale=crop&cquality=40&location=origin → pending (?ms, ?B)
[2026-08-28T23:24:42.412Z] GET https://a.espncdn.com/combiner/i?img=/i/teamlogos/ncaa/500/295.png&w=40&h=40&scale=crop&cquality=40&location=origin → pending (?ms, ?B)
[2026-08-28T23:24:42.412Z] GET https://a.espncdn.com/combiner/i?img=/i/teamlogos/ncaa/500/2515.png&w=40&h=40&scale=crop&cquality=40&location=origin → pending (?ms, ?B)
[2026-08-28T23:24:42.412Z] GET https://a.espncdn.com/combiner/i?img=/i/teamlogos/ncaa/500/88.png&w=40&h=40&scale=crop&cquality=40&location=origin → pending (?ms, ?B)
[2026-08-28T23:24:42.424Z] GET https://a.espncdn.com/combiner/i?img=/i/teamlogos/ncaa/500/85.png&w=40&h=40&scale=crop&cquality=40&location=origin → pending (?ms, ?B)
[2026-08-28T23:24:42.424Z] GET https://a.espncdn.com/combiner/i?img=/i/teamlogos/ncaa/500/2066.png&w=40&h=40&scale=crop&cquality=40&location=origin → pending (?ms, ?B)
[2026-08-28T23:24:42.424Z] GET https://a.espncdn.com/combiner/i?img=/i/teamlogos/ncaa/500/2142.png&w=40&h=40&scale=crop&cquality=40&location=origin → pending (?ms, ?B)
[2026-08-28T23:24:42.424Z] GET https://a.espncdn.com/combiner/i?img=/i/teamlogos/ncaa/500/2803.png&w=40&h=40&scale=crop&cquality=40&location=origin → pending (?ms, ?B)
[2026-08-28T23:24:42.437Z] GET https://a.espncdn.com/combiner/i?img=/i/teamlogos/ncaa/500/2711.png&w=40&h=40&scale=crop&cquality=40&location=origin → pending (?ms, ?B)
[2026-08-28T23:24:42.437Z] GET https://a.espncdn.com/combiner/i?img=/i/teamlogos/ncaa/500/290.png&w=40&h=40&scale=crop&cquality=40&location=origin → pending (?ms, ?B)
[2026-08-28T23:24:42.437Z] GET https://a.espncdn.com/combiner/i?img=/i/teamlogos/ncaa/500/2335.png&w=40&h=40&scale=crop&cquality=40&location=origin → pending (?ms, ?B)
[2026-08-28T23:24:42.437Z] GET https://a.espncdn.com/combiner/i?img=/i/teamlogos/ncaa/500/2272.png&w=40&h=40&scale=crop&cquality=40&location=origin → pending (?ms, ?B)
[2026-08-28T23:24:42.448Z] GET https://a.espncdn.com/combiner/i?img=/i/teamlogos/ncaa/500/2670.png&w=40&h=40&scale=crop&cquality=40&location=origin → pending (?ms, ?B)
[2026-08-28T23:24:42.448Z] GET https://a.espncdn.com/combiner/i?img=/i/teamlogos/ncaa/500/288.png&w=40&h=40&scale=crop&cquality=40&location=origin → pending (?ms, ?B)
[2026-08-28T23:24:42.448Z] GET https://a.espncdn.com/combiner/i?img=/i/teamlogos/ncaa/500/2247.png&w=40&h=40&scale=crop&cquality=40&location=origin → pending (?ms, ?B)
[2026-08-28T23:24:42.449Z] GET https://a.espncdn.com/combiner/i?img=/i/teamlogos/ncaa/500/227.png&w=40&h=40&scale=crop&cquality=40&location=origin → pending (?ms, ?B)
[2026-08-28T23:24:42.461Z] GET https://a.espncdn.com/combiner/i?img=/i/teamlogos/ncaa/500/2771.png&w=40&h=40&scale=crop&cquality=40&location=origin → pending (?ms, ?B)
[2026-08-28T23:24:42.461Z] GET https://a.espncdn.com/combiner/i?img=/i/teamlogos/ncaa/500/71.png&w=40&h=40&scale=crop&cquality=40&location=origin → pending (?ms, ?B)
[2026-08-28T23:24:42.461Z] GET https://a.espncdn.com/combiner/i?img=/i/teamlogos/ncaa/500/2710.png&w=40&h=40&scale=crop&cquality=40&location=origin → pending (?ms, ?B)
[2026-08-28T23:24:42.461Z] GET https://a.espncdn.com/combiner/i?img=/i/teamlogos/ncaa/500/139.png&w=40&h=40&scale=crop&cquality=40&location=origin → pending (?ms, ?B)
[2026-08-28T23:24:42.472Z] GET https://a.espncdn.com/combiner/i?img=/i/teamlogos/ncaa/500/2739.png&w=40&h=40&scale=crop&cquality=40&location=origin → pending (?ms, ?B)
[2026-08-28T23:24:42.472Z] GET https://a.espncdn.com/combiner/i?img=/i/teamlogos/ncaa/500/2181.png&w=40&h=40&scale=crop&cquality=40&location=origin → pending (?ms, ?B)
[2026-08-28T23:24:42.472Z] GET https://a.espncdn.com/combiner/i?img=/i/teamlogos/ncaa/500/270.png&w=40&h=40&scale=crop&cquality=40&location=origin → pending (?ms, ?B)
[2026-08-28T23:24:42.472Z] GET https://a.espncdn.com/combiner/i?img=/i/teamlogos/ncaa/500/2351.png&w=40&h=40&scale=crop&cquality=40&location=origin → pending (?ms, ?B)
[2026-08-28T23:24:42.484Z] GET https://a.espncdn.com/combiner/i?img=/i/teamlogos/ncaa/500/2439.png&w=40&h=40&scale=crop&cquality=40&location=origin → pending (?ms, ?B)
[2026-08-28T23:24:42.484Z] GET https://a.espncdn.com/combiner/i?img=/i/teamlogos/ncaa/500/27.png&w=40&h=40&scale=crop&cquality=40&location=origin → pending (?ms, ?B)
[2026-08-28T23:24:42.485Z] GET https://a.espncdn.com/combiner/i?img=/i/teamlogos/ncaa/500/2330.png&w=40&h=40&scale=crop&cquality=40&location=origin → pending (?ms, ?B)
[2026-08-28T23:24:42.485Z] GET https://a.espncdn.com/combiner/i?img=/i/teamlogos/ncaa/500/2561.png&w=40&h=40&scale=crop&cquality=40&location=origin → pending (?ms, ?B)
[2026-08-28T23:24:42.495Z] GET https://a.espncdn.com/combiner/i?img=/i/teamlogos/ncaa/500/161.png&w=40&h=40&scale=crop&cquality=40&location=origin → pending (?ms, ?B)
[2026-08-28T23:24:42.495Z] GET https://a.espncdn.com/combiner/i?img=/i/teamlogos/ncaa/500/2217.png&w=40&h=40&scale=crop&cquality=40&location=origin → pending (?ms, ?B)
[2026-08-28T23:24:42.495Z] GET https://a.espncdn.com/combiner/i?img=/i/teamlogos/ncaa/500/2084.png&w=40&h=40&scale=crop&cquality=40&location=origin → pending (?ms, ?B)
[2026-08-28T23:24:42.508Z] GET https://a.espncdn.com/combiner/i?img=/i/teamlogos/ncaa/500/2099.png&w=40&h=40&scale=crop&cquality=40&location=origin → pending (?ms, ?B)
[2026-08-28T23:24:42.508Z] GET https://a.espncdn.com/combiner/i?img=/i/teamlogos/ncaa/500/160.png&w=40&h=40&scale=crop&cquality=40&location=origin → pending (?ms, ?B)
[2026-08-28T23:24:42.634Z] GET https://site.web.api.espn.com/apis/personalized/v2/scoreboard/header?region=us&lang=en&contentorigin=espn&configuration=STREAM_MENU&platform=web&features=sfb-all%2Ccutl&buyWindow=1m&showAirings=buy%2Clive%2Creplay&showZipLookup=true&tz=Africa%2FLagos&_ceID=15878776&postalCode=900211&playabilitySource=playbackId → 200 (455ms, ?B)
[2026-08-28T23:24:42.878Z] GET https://secure.espncdn.com/i/espnicons/Symbol_Defs--v49.svg → pending (?ms, ?B)
[2026-08-28T23:24:43.060Z] GET https://cdn.registerdisney.go.com/v4/bundle/web/ESPN-ONESITE.WEB/en-US?cssOverride=https%3A%2F%2Fsecure.espncdn.com%2Fcombiner%2Fc%3Fcss%3Ddisneyid%2Fcorev4.css&logLevel=INFO → pending (?ms, ?B)
[2026-08-28T23:24:43.060Z] GET https://www.espn.com/login/responder/v4/index.html?clientId=ESPN-ONESITE.WEB&environment=PROD → 200 (55ms, 551B)
[2026-08-28T23:24:43.122Z] GET https://cdn.registerdisney.go.com/v4/responder.js → pending (?ms, ?B)
[2026-08-28T23:24:43.382Z] GET https://a.espncdn.com/fonts/_BentonSans/BentonSansBold-i18n-support.woff2 → 200 (188ms, 39477B)
[2026-08-28T23:24:43.414Z] POST https://espn.api.edge.bamgrid.com/graph/v1/device/graphql → pending (?ms, ?B)
[2026-08-28T23:24:43.482Z] GET https://a.espncdn.com/combiner/i?img=/i/teamlogos/soccer/500/384.png&w=32&h=32&scale=crop&cquality=40&location=origin → pending (?ms, ?B)
[2026-08-28T23:24:43.482Z] GET https://a.espncdn.com/combiner/i?img=/i/teamlogos/soccer/500/382.png&w=32&h=32&scale=crop&cquality=40&location=origin → pending (?ms, ?B)
[2026-08-28T23:24:43.482Z] GET https://a.espncdn.com/combiner/i?img=/i/teamlogos/soccer/500/87.png&w=32&h=32&scale=crop&cquality=40&location=origin → pending (?ms, ?B)
[2026-08-28T23:24:43.482Z] GET https://a.espncdn.com/combiner/i?img=/i/teamlogos/soccer/500/3751.png&w=32&h=32&scale=crop&cquality=40&location=origin → pending (?ms, ?B)
[2026-08-28T23:24:43.482Z] GET https://a.espncdn.com/combiner/i?img=/i/teamlogos/soccer/500/96.png&w=32&h=32&scale=crop&cquality=40&location=origin → pending (?ms, ?B)
[2026-08-28T23:24:43.482Z] GET https://a.espncdn.com/combiner/i?img=/i/teamlogos/soccer/500/102.png&w=32&h=32&scale=crop&cquality=40&location=origin → pending (?ms, ?B)
[2026-08-28T23:24:43.492Z] GET https://a.espncdn.com/combiner/i?img=/i/teamlogos/soccer/500/132.png&w=32&h=32&scale=crop&cquality=40&location=origin → pending (?ms, ?B)
[2026-08-28T23:24:43.492Z] GET https://a.espncdn.com/combiner/i?img=/i/teamlogos/soccer/500/134.png&w=32&h=32&scale=crop&cquality=40&location=origin → pending (?ms, ?B)
[2026-08-28T23:24:43.492Z] GET https://a.espncdn.com/combiner/i?img=/i/teamlogos/soccer/500/166.png&w=32&h=32&scale=crop&cquality=40&location=origin → pending (?ms, ?B)
[2026-08-28T23:24:43.492Z] GET https://a.espncdn.com/combiner/i?img=/i/teamlogos/soccer/500/160.png&w=32&h=32&scale=crop&cquality=40&location=origin → pending (?ms, ?B)
[2026-08-28T23:24:43.492Z] GET https://a.espncdn.com/combiner/i?img=/i/teamlogos/soccer/500/103.png&w=32&h=32&scale=crop&cquality=40&location=origin → pending (?ms, ?B)
[2026-08-28T23:24:43.492Z] GET https://a.espncdn.com/combiner/i?img=/i/teamlogos/soccer/500/17530.png&w=32&h=32&scale=crop&cquality=40&location=origin → pending (?ms, ?B)
[2026-08-28T23:24:43.504Z] GET https://a.espncdn.com/combiner/i?img=/i/teamlogos/soccer/500/352.png&w=32&h=32&scale=crop&cquality=40&location=origin → pending (?ms, ?B)
[2026-08-28T23:24:43.504Z] GET https://a.espncdn.com/combiner/i?img=/i/teamlogos/soccer/500/392.png&w=32&h=32&scale=crop&cquality=40&location=origin → pending (?ms, ?B)
[2026-08-28T23:24:43.504Z] GET https://a.espncdn.com/combiner/i?img=/i/teamlogos/soccer/500/15364.png&w=32&h=32&scale=crop&cquality=40&location=origin → pending (?ms, ?B)
[2026-08-28T23:24:43.504Z] GET https://a.espncdn.com/combiner/i?img=/i/teamlogos/soccer/500/15362.png&w=32&h=32&scale=crop&cquality=40&location=origin → pending (?ms, ?B)
[2026-08-28T23:24:43.504Z] GET https://a.espncdn.com/combiner/i?img=/i/teamlogos/soccer/500/21423.png&w=32&h=32&scale=crop&cquality=40&location=origin → pending (?ms, ?B)
[2026-08-28T23:24:43.504Z] GET https://a.espncdn.com/combiner/i?img=/i/teamlogos/soccer/500/20905.png&w=32&h=32&scale=crop&cquality=40&location=origin → pending (?ms, ?B)
[2026-08-28T23:24:43.515Z] GET https://a.espncdn.com/combiner/i?img=/i/teamlogos/soccer/500/145.png&w=32&h=32&scale=crop&cquality=40&location=origin → pending (?ms, ?B)
[2026-08-28T23:24:43.515Z] GET https://a.espncdn.com/combiner/i?img=/i/teamlogos/soccer/500/143.png&w=32&h=32&scale=crop&cquality=40&location=origin → pending (?ms, ?B)
[2026-08-28T23:24:43.515Z] GET https://a.espncdn.com/combiner/i?img=/i/teamlogos/soccer/500/226.png&w=32&h=32&scale=crop&cquality=40&location=origin → pending (?ms, ?B)
[2026-08-28T23:24:43.515Z] GET https://a.espncdn.com/combiner/i?img=/i/teamlogos/soccer/500/228.png&w=32&h=32&scale=crop&cquality=40&location=origin → pending (?ms, ?B)
[2026-08-28T23:24:43.515Z] GET https://a.espncdn.com/combiner/i?img=/i/teamlogos/soccer/500/229.png&w=32&h=32&scale=crop&cquality=40&location=origin → pending (?ms, ?B)
[2026-08-28T23:24:43.515Z] GET https://a.espncdn.com/combiner/i?img=/i/teamlogos/soccer/500/218.png&w=32&h=32&scale=crop&cquality=40&location=origin → pending (?ms, ?B)
[2026-08-28T23:24:43.527Z] GET https://a.espncdn.com/combiner/i?img=/i/teamlogos/soccer/500/10125.png&w=32&h=32&scale=crop&cquality=40&location=origin → pending (?ms, ?B)
[2026-08-28T23:24:43.527Z] GET https://a.espncdn.com/combiner/i?img=/i/teamlogos/soccer/500/233.png&w=32&h=32&scale=crop&cquality=40&location=origin → pending (?ms, ?B)
[2026-08-28T23:24:43.527Z] GET https://a.espncdn.com/combiner/i?img=/i/teamlogos/soccer/500/21965.png&w=32&h=32&scale=crop&cquality=40&location=origin → pending (?ms, ?B)
[2026-08-28T23:24:43.527Z] GET https://a.espncdn.com/combiner/i?img=/i/teamlogos/soccer/500/130899.png&w=32&h=32&scale=crop&cquality=40&location=origin → pending (?ms, ?B)
[2026-08-28T23:24:43.527Z] GET https://a.espncdn.com/combiner/i?img=/i/teamlogos/soccer/500/21827.png&w=32&h=32&scale=crop&cquality=40&location=origin → pending (?ms, ?B)
[2026-08-28T23:24:43.527Z] GET https://a.espncdn.com/combiner/i?img=/i/teamlogos/soccer/500/21833.png&w=32&h=32&scale=crop&cquality=40&location=origin → pending (?ms, ?B)
[2026-08-28T23:24:43.540Z] GET https://a.espncdn.com/combiner/i?img=/i/teamlogos/soccer/500/21829.png&w=32&h=32&scale=crop&cquality=40&location=origin → pending (?ms, ?B)
[2026-08-28T23:24:43.540Z] GET https://a.espncdn.com/combiner/i?img=/i/teamlogos/soccer/500/929.png&w=32&h=32&scale=crop&cquality=40&location=origin → pending (?ms, ?B)
[2026-08-28T23:24:43.540Z] GET https://a.espncdn.com/combiner/i?img=/i/teamlogos/soccer/500/817.png&w=32&h=32&scale=crop&cquality=40&location=origin → pending (?ms, ?B)
[2026-08-28T23:24:43.540Z] GET https://a.espncdn.com/combiner/i?img=/i/teamlogos/soccer/500/18459.png&w=32&h=32&scale=crop&cquality=40&location=origin → pending (?ms, ?B)
[2026-08-28T23:24:43.861Z] GET https://cdn.registerdisney.go.com/v4/asset/bundler/ESPN/v4/images/v2/espn-red-logo.svg → 200 (217ms, 917B)
[2026-08-28T23:24:43.928Z] GET https://www.google.com/recaptcha/enterprise.js?onload=grecaptcha1787959483914&render=6LciB_gZAAAAAA_mwJ4G0XZ0BXWvLTt67V7YizXx&hl=en → pending (?ms, ?B)
[2026-08-28T23:24:43.928Z] GET https://cdn.registerdisney.go.com/v4/asset/images/svgs/myDisneyDark.svg → 200 (181ms, 3886B)
[2026-08-28T23:24:43.928Z] GET https://fonts.gstatic.com/s/notosans/v27/o-0IIpQlx3QUlC5A4PNr5TRASf6M7Q.woff2 → 200 (182ms, 12879B)
[2026-08-28T23:24:44.313Z] GET https://www.gstatic.com/recaptcha/releases/ox8dsmiqR62P1bqhciWOn7Fg/recaptcha__en.js → pending (?ms, ?B)
[2026-08-28T23:24:44.338Z] GET https://log.espn.com/log?srvc=sz&silent&returnBody=SWID&responseType=JSON → pending (?ms, ?B)
[2026-08-28T23:24:44.338Z] GET https://a.espncdn.com/connected-devices/app-configurations/espn-js-sdk-web-2.0.config.json → 200 (164ms, 1393B)
[2026-08-28T23:24:44.338Z] POST https://sp.auth.adobe.com/o/client/register → pending (?ms, ?B)
[2026-08-28T23:24:44.799Z] GET https://cdn.taboola.com/libtrc/tr5?type=loaderpixel&publisher=espn-network&bundle=default → pending (?ms, ?B)
[2026-08-28T23:24:44.799Z] GET https://gum.criteo.com/sync?c=72&r=2&j=TRC.getRTUS → pending (?ms, ?B)
[2026-08-28T23:24:44.799Z] GET https://trc.taboola.com/sg/espnnetwork-espn/1/consent-check → pending (?ms, ?B)
[2026-08-28T23:24:45.297Z] GET https://pm-widget.taboola.com/espn-network/load.js → pending (?ms, ?B)
[2026-08-28T23:24:45.391Z] POST https://trc.taboola.com/espnnetwork-espn/trc/3/json?llvl=2&tim=00%3A24%3A45.386&lti=default&pubit=n&t=1&data=%7B%22id%22%3A%22225%22%2C%22sd%22%3A%22%22%2C%22ui%22%3A%22%22%2C%22ii%22%3A%22%2Fsoccer%2Fschedule%2F_%2Fdate%2F20260902%22%2C%22it%22%3A%22other%22%2C%22vi%22%3A1787959485386%2C%22cv%22%3A%2220260827-5-RELEASE%22%2C%22uiv%22%3A%22default%22%2C%22u%22%3A%22https%3A%2F%2Fwww.espn.com%2Fsoccer%2Fschedule%2F_%2Fdate%2F20260902%22%2C%22qs%22%3A%22%22%2C%22bv%22%3A%220%22%2C%22btv%22%3A%220%22%2C%22ul%22%3A%5B%22en-US%22%5D%2C%22cos%22%3A%224g%22%2C%22bu%22%3A%22https%3A%2F%2Fwww.espn.com%2Fsoccer%2Ffixtures%2F_%2Fdate%2F20260902%22%2C%22vpi%22%3A%22%2Fsoccer%2Ffixtures%2F_%2Fdate%2F20260902%22%2C%22bad%22%3A-1%2C%22sw%22%3A1280%2C%22sh%22%3A720%2C%22bw%22%3A1280%2C%22bh%22%3A720%2C%22dw%22%3A1280%2C%22dh%22%3A7083%2C%22sde%22%3A%221.000%22%2C%22lt%22%3A%22default%22%2C%22nsid%22%3A%22espn-network%22%2C%22r%22%3A%5B%7B%22li%22%3A%22rbox-o2m%22%2C%22uip%22%3A%22below%20content%20-%20dead%20end%20-%20other%22%2C%22orig_uip%22%3A%22below%20content%20-%20dead%20end%20-%20other%22%2C%22s%22%3A3%2C%22uim%22%3A%22thumbnails-a%3Apub%3Despn-network%3Aabp%3D0%22%2C%22cd%22%3A6890.19%2C%22mw%22%3A1220%7D%5D%2C%22uad%22%3A%7B%22mobile%22%3Afalse%2C%22model%22%3A%22%22%2C%22platform%22%3A%22macOS%22%2C%22platformVersion%22%3A%2226.5.2%22%2C%22uaFullVersion%22%3A%22145.0.7632.6%22%7D%2C%22cacheKey%22%3A%22other%3D%2Fsoccer%2Fschedule%2F_%2Fdate%2F20260902%2Cbelow%20content%20-%20dead%20end%20-%20other%3Dthumbnails-a%3Apub%3Despn-network%3Aabp%3D0%22%2C%22_cn%22%3A%22tions_1%22%2C%22lbt%22%3A1787907949397%2C%22wc%22%3Atrue%2C%22bs%22%3A%7B%22at%22%3A1%2C%22zm%22%3A0%2C%22ls%22%3Atrue%2C%22lm%22%3A-1%2C%22lt%22%3A-1%7D%7D → 200 (291ms, 7668B)
[2026-08-28T23:24:45.598Z] GET https://www.google.com/recaptcha/enterprise/anchor?ar=1&k=6LciB_gZAAAAAA_mwJ4G0XZ0BXWvLTt67V7YizXx&co=aHR0cHM6Ly9jZG4ucmVnaXN0ZXJkaXNuZXkuZ28uY29tOjQ0Mw..&hl=en&v=ox8dsmiqR62P1bqhciWOn7Fg&size=invisible&anchor-ms=20000&execute-ms=30000&cb=p3mrhrewxkvd → 200 (192ms, 28426B)
[2026-08-28T23:24:45.740Z] GET https://images.taboola.com/taboola/image/fetch/f_jpg%2Cq_auto%2Ch_256%2Cw_460%2Cc_fill%2Cg_faces:auto%2Ce_sharpen/https%3A//cdn.taboola.com/libtrc/static/thumbnails/3b8a1629a29592c2d0bcd949d26eaafb.png → pending (?ms, ?B)
[2026-08-28T23:24:45.740Z] GET https://images.taboola.com/taboola/image/fetch/c_crop%2Cf_jpg%2Cq_auto%2Ce_sharpen%2Car_1.7778%2Cw_1200%2Cx_0%2Cy_17/c_fill%2Cw_460%2Ch_256/https%3A//cdn.taboola.com/libtrc/static/thumbnails/3d86388a09038a82f898e08a110b249b.png → pending (?ms, ?B)
[2026-08-28T23:24:45.741Z] GET https://images.taboola.com/taboola/image/fetch/f_jpg%2Cq_auto%2Ch_256%2Cw_460%2Cc_fill%2Cg_faces:auto%2Ce_sharpen/https%3A//cdn.taboola.com/libtrc/static/thumbnails/627a8cfb14f8befcd796c3fc2e8afb3e.jpg → pending (?ms, ?B)
[2026-08-28T23:24:45.741Z] GET https://images.taboola.com/taboola/image/fetch/f_jpg%2Cq_auto%2Ch_256%2Cw_460%2Cc_fill%2Cg_faces:auto%2Ce_sharpen/http%3A//cdn.taboola.com/libtrc/static/thumbnails/4195bc23eadb887d7c7b0860f3775671.jpg → pending (?ms, ?B)
[2026-08-28T23:24:45.741Z] GET https://images.taboola.com/taboola/image/fetch/f_jpg%2Cq_auto%2Ch_256%2Cw_460%2Cc_fill%2Cg_faces:auto%2Ce_sharpen/https%3A//cdn.taboola.com/libtrc/static/thumbnails/f01e0426f9b627364e50485787078c17.png → pending (?ms, ?B)
[2026-08-28T23:24:45.741Z] GET https://images.taboola.com/taboola/image/fetch/f_jpg%2Cq_auto%2Ch_256%2Cw_460%2Cc_fill%2Cg_faces:auto%2Ce_sharpen/http%3A//cdn.taboola.com/libtrc/static/thumbnails/ac59c8bd4a1707fa04622e1f9dff1460.jpg → pending (?ms, ?B)
[2026-08-28T23:24:45.756Z] POST https://sp.auth.adobe.com/o/client/token → 201 (275ms, 1088B)
[2026-08-28T23:24:45.794Z] GET https://www.gstatic.com/recaptcha/releases/ox8dsmiqR62P1bqhciWOn7Fg/styles__ltr.css → 200 (367ms, ?B)
[2026-08-28T23:24:45.794Z] GET https://www.gstatic.com/recaptcha/releases/ox8dsmiqR62P1bqhciWOn7Fg/recaptcha__en.js → 200 (30ms, -888B)
[2026-08-28T23:24:46.032Z] GET https://sp.auth.adobe.com/api/v2/ESPN/profiles → pending (?ms, ?B)
[2026-08-28T23:24:46.403Z] GET https://www.google.com/recaptcha/enterprise/webworker.js?hl=en&v=ox8dsmiqR62P1bqhciWOn7Fg → 200 (420ms, ?B)
[2026-08-28T23:24:46.414Z] GET https://www.gstatic.com/recaptcha/api2/logo_48.png → 200 (376ms, 2252B)
[2026-08-28T23:24:46.415Z] GET https://fonts.gstatic.com/s/roboto/v48/KFO7CnqEu92Fr1ME7kSn66aGLdTylUAMa3yUBHMdazQ.woff2 → 200 (351ms, 34700B)
[2026-08-28T23:24:46.559Z] GET https://espn.api.edge.bamgrid.com/dictionary/v1/dictionaries?variables={%22dictionary%22:[{%22resourceKey%22:%22accessibility%22,%22version%22:%22latest%22},{%22resourceKey%22:%22application%22,%22version%22:%22latest%22},{%22resourceKey%22:%22media%22,%22version%22:%22latest%22},{%22resourceKey%22:%22sdk-errors%22,%22version%22:%22latest%22}],%22location%22:%22NG%22,%22pinnedPlatformVersion%22:%221.0%22,%22pinnedPlatformName%22:%22web%22,%22platform%22:%22web%22,%22preferredLanguage%22:%22en%22,%22tenant%22:%22espn%22} → pending (?ms, ?B)
[2026-08-28T23:24:46.710Z] GET https://cdn.taboola.com/libtrc/static/thumbnails/f539211219b796ffbb49949997c764f0.png → pending (?ms, ?B)
[2026-08-28T23:24:46.733Z] POST https://trc.taboola.com/espnnetwork-espn/log/3/bulk?route=AM%3AAM%3AV&lti=default&tvi48=32408&cv=20260827-5-RELEASE&bulkSize=2 → pending (?ms, ?B)
[2026-08-28T23:24:46.823Z] GET https://www.gstatic.com/recaptcha/releases/ox8dsmiqR62P1bqhciWOn7Fg/recaptcha__en.js → 200 (81ms, -888B)
[2026-08-28T23:24:47.976Z] GET https://dcf.espn.com/TWDC-DTCI/prod/serverComponent.php?namespace=Bootstrapper&staticJsPath=/TWDC-DTCI/prod/code/&ClientID=2750&PageID=https%3A%2F%2Fwww.espn.com%2Fsoccer%2Ffixtures%2F_%2Fdate%2F20260902%3Fcds%3Dn%26country%3Dng%26region%3Demea%26gpc%3Dxx%26shouldFire%3Dy%26nAsyncNgeo%3Dn%26portal%3Dsports%26site%3Despn%26siteRegion%3D%26realHost%3Dwww.espn.com%26kpTlium%3Dn%26eventStep%3Dnon-ecom&custDomain=dcf.espn.com → pending (?ms, ?B)
[2026-08-28T23:24:48.115Z] GET https://pm-widget.taboola.com/espn-network/pmk-20220605.9.js → pending (?ms, ?B)
[2026-08-28T23:24:48.293Z] GET https://www.googletagservices.com/tag/js/gpt.js?network-code=21783347309 → pending (?ms, ?B)
[2026-08-28T23:24:48.294Z] GET https://secure.espncdn.com/prod/scripts/prebid8.26.0.js → pending (?ms, ?B)
[2026-08-28T23:24:48.339Z] POST https://am-trc-events.taboola.com/espnnetwork-espn/log/3/social?lti=default&ri=0c11e3edf8a1355a7c1ec19f1a870f4b&sd=v2_fb1a80326656934222aea57534eacbd2_dd82ae7c-3fa6-45e9-8043-b87e95dc1786-tuct118b9e3d_1787959485_1787959485_CNawjgYQwqhJGMrHwtWENCABKAEwnwE4k4YMQNyWEEjkvOADUP___________wFYAGAAaNzq0Zn0jY7ZQnABgAEAiAEAkAEA&ui=dd82ae7c-3fa6-45e9-8043-b87e95dc1786-tuct118b9e3d&pi=%2Fsoccer%2Fschedule%2F_%2Fdate%2F20260902&wi=2027420423351105140&pt=other&vi=1787959485386&st=social-available&d=%7B%22data%22%3A%5B%7B%22i%22%3A%22ctx%22%2C%22ism%22%3Afalse%2C%22srx%22%3A1280%2C%22sry%22%3A720%2C%22pd%22%3Anull%2C%22tpl%22%3A%22%22%2C%22url%22%3A%22https%3A%2F%2Fwww.espn.com%2Fsoccer%2Ffixtures%2F_%2Fdate%2F20260902%22%2C%22rref%22%3A%22%22%2C%22sref%22%3A%22%22%2C%22hdl%22%3A%222026%20Soccer%20Schedule%20-%20ESPN%22%2C%22sec%22%3A%22soccer%22%2C%22aut%22%3A%5B%5D%2C%22img%22%3A%22https%3A%2F%2Fa.espncdn.com%2Fcombiner%2Fi%3Fimg%3D%2Fi%2Fespn%2Fmisc_logos%2F500%2Fsoccer.png%22%2C%22v%22%3A15%2C%22pw%22%3Afalse%7D%5D%7D → pending (?ms, ?B)
[2026-08-28T23:24:49.010Z] GET https://gum.criteo.com/sync?s=1&c=72&r=2&j=TRC.getRTUS → pending (?ms, ?B)
[2026-08-28T23:24:49.513Z] GET https://dcf.espn.com/TWDC-DTCI/prod/code/ee00cbb1c51732236f4cb00852a1104f.js?conditionId0=4871166 → pending (?ms, ?B)
[2026-08-28T23:24:49.513Z] GET https://dcf.espn.com/TWDC-DTCI/prod/code/9b1852c4cadfcd087b4a341ceb36650f.js?conditionId0=4958322 → pending (?ms, ?B)
[2026-08-28T23:24:49.513Z] GET https://dcf.espn.com/TWDC-DTCI/prod/code/180c898d38bbecdb99928e5c3de8f957.js?conditionId0=4956281 → pending (?ms, ?B)
[2026-08-28T23:24:49.513Z] GET https://dcf.espn.com/TWDC-DTCI/prod/code/020829d3b01372f4e1358b71949c00d8.js?conditionId0=4872138 → 200 (479ms, 4442B)
[2026-08-28T23:24:49.513Z] GET https://dcf.espn.com/TWDC-DTCI/prod/code/be63887d6787664f1642b46ddff33cd2.js?conditionId0=4905158 → 200 (485ms, 3589B)
[2026-08-28T23:24:49.513Z] GET https://dcf.espn.com/TWDC-DTCI/prod/code/98b259aabe7f900db4b0febb129ef3b8.js?conditionId0=4884623 → pending (?ms, ?B)
[2026-08-28T23:24:49.513Z] GET https://dcf.espn.com/TWDC-DTCI/prod/code/6017163b9f256b1e7b756a2a3ece8e17.js?conditionId0=4905158 → pending (?ms, ?B)
[2026-08-28T23:24:49.513Z] GET https://dcf.espn.com/TWDC-DTCI/prod/code/a78c7fdcc9df1647830001bae7869342.js?conditionId0=4958322 → pending (?ms, ?B)
[2026-08-28T23:24:49.514Z] GET https://dcf.espn.com/TWDC-DTCI/prod/code/b09d9ba996da0be696938685746e77eb.js?conditionId0=4956281 → pending (?ms, ?B)
[2026-08-28T23:24:49.514Z] GET https://dcf.espn.com/TWDC-DTCI/prod/code/02a5a3d44d5bc18472599f58656823a6.js?conditionId0=4872138 → pending (?ms, ?B)
[2026-08-28T23:24:49.514Z] GET https://dcf.espn.com/TWDC-DTCI/prod/code/48885d76a44dd6c892ea3e8ee022e4e5.js?conditionId0=4871166 → pending (?ms, ?B)
[2026-08-28T23:24:49.996Z] GET https://secure.espn.com/js/dcf/tags/vision/latest/vision-media.js → pending (?ms, ?B)
[2026-08-28T23:24:49.996Z] GET https://sb.scorecardresearch.com/cs/3000005/beacon.js → pending (?ms, ?B)
[2026-08-28T23:24:50.554Z] GET https://d.impactradius-event.com/A1323623-ff1f-47da-bf87-01a65620c9c91.js → pending (?ms, ?B)
[2026-08-28T23:24:52.058Z] GET https://disney.demdex.net/id?d_visid_ver=5.5.0&d_fieldgroup=MC&d_rtbd=json&d_ver=2&d_verify=1&d_orgid=EE0201AC512D2BE80A490D4C%40AdobeOrg&d_nsid=0&d_coppa=true&ts=1787959492053 → pending (?ms, ?B)
[2026-08-28T23:24:52.065Z] GET https://cdn-gl.imrworldwide.com/conf/P07264C85-15CD-4A80-8E56-B5BFA6D93296.js → pending (?ms, ?B)
[2026-08-28T23:24:52.066Z] GET https://cdn.parsely.com/keys/espn.com/p.js → pending (?ms, ?B)
[2026-08-28T23:24:52.066Z] GET https://static.chartbeat.com/js/chartbeat_video.js → pending (?ms, ?B)
[2026-08-28T23:24:52.275Z] GET https://securepubads.g.doubleclick.net/pagead/managed/js/gpt/m202608250101/pubads_impl.js → pending (?ms, ?B)
[2026-08-28T23:24:52.291Z] GET https://securepubads.g.doubleclick.net/pagead/managed/dict/m202608270101/gpt → pending (?ms, ?B)
[2026-08-28T23:24:54.401Z] GET https://os.virtuals.io/acp/cli/ → pending (?ms, ?B)
[2026-08-28T23:24:55.348Z] GET https://sb.scorecardresearch.com/internal-cs/default/beacon.js → 200 (94ms, 6899B)
[2026-08-28T23:24:55.358Z] GET https://cdn-gl.imrworldwide.com/novms/js/2/nlsSDK600.bundle.min.js → pending (?ms, ?B)
[2026-08-28T23:24:55.446Z] GET https://sb.scorecardresearch.com/b?c1=2&c2=3000005&cs_it=b1&cv=4.13.1%2B2508250908&ns__t=1787959495443&ns_c=UTF-8&cs_cfg=1101110&c7=https%3A%2F%2Fwww.espn.com%2Fsoccer%2Ffixtures%2F_%2Fdate%2F20260902&c8=2026%20Soccer%20Schedule%20-%20ESPN&c9= → pending (?ms, ?B)
[2026-08-28T23:25:00.782Z] GET https://os.virtuals.io/acp/concepts/ → 200 (417ms, 9728B)
[2026-08-28T23:25:01.208Z] GET https://os.virtuals.io/initializeTheme.iife.js → pending (?ms, ?B)
[2026-08-28T23:25:01.208Z] GET https://os.virtuals.io/assets/index-bNe0gOtP.js → pending (?ms, ?B)
[2026-08-28T23:25:01.208Z] GET https://os.virtuals.io/assets/style-BUSooU6V.css → pending (?ms, ?B)
[2026-08-28T23:25:01.604Z] GET https://www.googletagmanager.com/gtm.js?id=GTM-TNP7WWPB → 200 (93ms, -568B)
[2026-08-28T23:25:01.604Z] GET https://fonts.googleapis.com/css2?family=Manrope:wght@500;600;700;800&display=swap → 200 (1ms, -698B)
[2026-08-28T23:25:01.672Z] GET https://os.virtuals.io/.vocs/icons/link.svg → 200 (298ms, 37B)
[2026-08-28T23:25:01.673Z] GET https://fonts.gstatic.com/s/manrope/v20/xn7gYHE41ni1AdIRggexSvfedN4.woff2 → 200 (?ms, -814B)
[2026-08-28T23:25:01.695Z] GET https://os.virtuals.io/assets/concepts-DHMVr9pV.js → 200 (359ms, 60B)
[2026-08-28T23:25:01.722Z] GET https://www.googletagmanager.com/gtag/js?id=G-X3WPR1RQ33&cx=c&gtm=4e68q1 → 200 (8ms, -522B)
[2026-08-28T23:25:01.722Z] GET https://www.clarity.ms/tag/x3mqy81uyv?ref=gtm → pending (?ms, ?B)
[2026-08-28T23:25:02.086Z] GET https://os.virtuals.io/.vocs/search-index-2a8d4e4a.json → pending (?ms, ?B)
[2026-08-28T23:25:02.097Z] GET https://os.virtuals.io/assets/index-Dqt5uLhz.js → pending (?ms, ?B)
[2026-08-28T23:25:02.098Z] GET https://os.virtuals.io/assets/LandingHeader-DTkIthHY.js → pending (?ms, ?B)
[2026-08-28T23:25:02.098Z] GET https://os.virtuals.io/assets/community-DRDJFviT.js → pending (?ms, ?B)
[2026-08-28T23:25:02.098Z] GET https://os.virtuals.io/assets/overview-BLiBQDSu.js → pending (?ms, ?B)
[2026-08-28T23:25:02.098Z] GET https://os.virtuals.io/assets/models-BqTufd8J.js → pending (?ms, ?B)
[2026-08-28T23:25:02.098Z] GET https://os.virtuals.io/assets/overview-DTNXP-MT.js → pending (?ms, ?B)
[2026-08-28T23:25:02.098Z] GET https://os.virtuals.io/assets/architecture-CNQmHff-.js → pending (?ms, ?B)
[2026-08-28T23:25:02.098Z] GET https://os.virtuals.io/assets/client-workflow-f7pyXeg_.js → pending (?ms, ?B)
[2026-08-28T23:25:02.098Z] GET https://os.virtuals.io/assets/provider-workflow-BDkMePEd.js → pending (?ms, ?B)
[2026-08-28T23:25:02.098Z] GET https://os.virtuals.io/assets/acp-serve-Ctnw6kXB.js → pending (?ms, ?B)
[2026-08-28T23:25:02.098Z] GET https://os.virtuals.io/assets/event-streaming-DTUWBekO.js → pending (?ms, ?B)
[2026-08-28T23:25:02.098Z] GET https://os.virtuals.io/assets/capital-formation-for-founders-CwwwGWAq.js → pending (?ms, ?B)
[2026-08-28T23:25:02.099Z] GET https://os.virtuals.io/assets/request-for-agents-C_RaLnGZ.js → pending (?ms, ?B)
[2026-08-28T23:25:02.099Z] GET https://os.virtuals.io/assets/showcase-contribute-DvqAx9lN.js → pending (?ms, ?B)
[2026-08-28T23:25:02.099Z] GET https://os.virtuals.io/assets/reference-DyIdaSIq.js → pending (?ms, ?B)
[2026-08-28T23:25:02.305Z] GET https://scripts.clarity.ms/0.8.69/clarity.js → 200 (433ms, 25788B)
[2026-08-28T23:25:02.767Z] GET https://c.clarity.ms/c.gif → pending (?ms, ?B)
[2026-08-28T23:25:02.859Z] POST https://a.clarity.ms/collect → pending (?ms, ?B)
[2026-08-28T23:25:03.507Z] GET https://c.bing.com/c.gif?ctsa=mr&CtsSyncId=71A5278FC352426F8E3268F8C17247C1&RedC=c.clarity.ms&MXFR=3FC23D44E46F6CDC09CC2A87E06F6291 → 302 (559ms, ?B)
[2026-08-28T23:25:04.066Z] GET https://c.clarity.ms/c.gif?ctsa=mr&CtsSyncId=71A5278FC352426F8E3268F8C17247C1&MUID=2FEC877DF1BC6E4136EC90BEF0AE6FC3 → pending (?ms, ?B)
[2026-08-28T23:25:06.771Z] POST https://www.google-analytics.com/g/collect?v=2&tid=G-X3WPR1RQ33&gtm=45je68q1v9254826298z89254816126za20gzb9254816126zd9254816126&_p=1787959501598&gcd=13l3l3l3l1l1&npa=0&dma=0&_eu=AAAAAAQ&are=1&cid=595836455.1787959414&frm=0&ngs=1&pscdl=noapi&rcb=18&sr=1280x720&uaa=arm&uab=64&uafvl=Not%253AA-Brand%3B99.0.0.0%7CHeadlessChrome%3B145.0.7632.6%7CChromium%3B145.0.7632.6&uam=&uamb=0&uap=macOS&uapv=26.5.2&uaw=0&ul=en-us&_s=1&tag_exp=115616986~115938465~115938468~118897920~118897930~120385422&sid=1787959413&sct=1&seg=1&dl=https%3A%2F%2Fos.virtuals.io%2Facp%2Fconcepts%2F&dt=Core%20Concepts%20%E2%80%93%20EconomyOS&en=page_view&tfd=5981 → 204 (373ms, ?B)
[2026-08-28T23:25:06.955Z] GET https://os.virtuals.io/acp/architecture/ → pending (?ms, ?B)
[2026-08-28T23:25:07.360Z] POST https://www.google-analytics.com/g/collect?v=2&tid=G-X3WPR1RQ33&gtm=45je68q1v9254826298za20gzb9254816126zd9254816126&_p=1787959501598&gcd=13l3l3l3l1l1&npa=0&dma=0&_eu=AAAAAAQ&are=1&cid=595836455.1787959414&frm=0&ngs=1&pscdl=noapi&rcb=18&sr=1280x720&uaa=arm&uab=64&uafvl=Not%253AA-Brand%3B99.0.0.0%7CHeadlessChrome%3B145.0.7632.6%7CChromium%3B145.0.7632.6&uam=&uamb=0&uap=macOS&uapv=26.5.2&uaw=0&ul=en-us&_s=2&tag_exp=115616986~115938465~115938468~118897920~118897930~120385422&sid=1787959413&sct=1&seg=1&dl=https%3A%2F%2Fos.virtuals.io%2Facp%2Fconcepts%2F&dt=Core%20Concepts%20%E2%80%93%20EconomyOS&en=user_engagement&_et=5574&tfd=6560 → pending (?ms, ?B)
[2026-08-28T23:25:07.360Z] POST https://a.clarity.ms/collect → pending (?ms, ?B)
[2026-08-28T23:25:07.360Z] POST https://www.google.com/g/collect?v=2&tid=G-X3WPR1RQ33&gtm=45je68q1v9254826298za20gzb9254816126zd9254816126&_p=1787959501598&gcd=13l3l3l3l1l1&npa=0&dma=0&_eu=AAAAAAQ&are=1&cid=595836455.1787959414&frm=0&ngs=1&pscdl=noapi&rcb=18&sr=1280x720&uaa=arm&uab=64&uafvl=Not%253AA-Brand%3B99.0.0.0%7CHeadlessChrome%3B145.0.7632.6%7CChromium%3B145.0.7632.6&uam=&uamb=0&uap=macOS&uapv=26.5.2&uaw=0&ul=en-us&_s=2&tag_exp=115616986~115938465~115938468~118897920~118897930~120385422&sid=1787959413&sct=1&seg=1&dl=https%3A%2F%2Fos.virtuals.io%2Facp%2Fconcepts%2F&dt=Core%20Concepts%20%E2%80%93%20EconomyOS&en=user_engagement&_et=5574&tfd=6560&gaf=1 → pending (?ms, ?B)
[2026-08-28T23:25:07.368Z] GET https://os.virtuals.io/initializeTheme.iife.js → 200 (361ms, 340B)
[2026-08-28T23:25:07.368Z] GET https://os.virtuals.io/assets/index-bNe0gOtP.js → 304 (406ms, 37B)
[2026-08-28T23:25:07.368Z] GET https://os.virtuals.io/assets/style-BUSooU6V.css → 304 (366ms, 37B)
[2026-08-28T23:25:07.732Z] GET https://www.googletagmanager.com/gtm.js?id=GTM-TNP7WWPB → 200 (1ms, -568B)
[2026-08-28T23:25:07.734Z] GET https://fonts.googleapis.com/css2?family=Manrope:wght@500;600;700;800&display=swap → 200 (?ms, -698B)
[2026-08-28T23:25:07.774Z] GET https://fonts.gstatic.com/s/manrope/v20/xn7gYHE41ni1AdIRggexSvfedN4.woff2 → 200 (?ms, -814B)
[2026-08-28T23:25:07.774Z] GET https://os.virtuals.io/.vocs/icons/link.svg → 304 (411ms, 61B)
[2026-08-28T23:25:07.775Z] GET https://www.googletagmanager.com/gtag/js?id=G-X3WPR1RQ33&cx=c&gtm=4e68q1 → 200 (?ms, -522B)
[2026-08-28T23:25:07.776Z] GET https://www.clarity.ms/tag/x3mqy81uyv?ref=gtm → 200 (177ms, 570B)
[2026-08-28T23:25:07.784Z] GET https://os.virtuals.io/assets/architecture-CNQmHff-.js → 304 (402ms, 38B)
[2026-08-28T23:25:07.954Z] GET https://scripts.clarity.ms/0.8.69/clarity.js → 200 (?ms, -501B)
[2026-08-28T23:25:08.060Z] POST https://a.clarity.ms/collect → pending (?ms, ?B)
[2026-08-28T23:25:08.216Z] GET https://os.virtuals.io/.vocs/search-index-2a8d4e4a.json → pending (?ms, ?B)
[2026-08-28T23:25:08.225Z] GET https://os.virtuals.io/assets/index-Dqt5uLhz.js → 304 (427ms, 37B)
[2026-08-28T23:25:08.225Z] GET https://os.virtuals.io/assets/LandingHeader-DTkIthHY.js → 304 (414ms, 37B)
[2026-08-28T23:25:08.226Z] GET https://os.virtuals.io/assets/community-DRDJFviT.js → 304 (429ms, 37B)
[2026-08-28T23:25:08.226Z] GET https://os.virtuals.io/assets/overview-BLiBQDSu.js → 304 (413ms, 37B)
[2026-08-28T23:25:08.226Z] GET https://os.virtuals.io/assets/models-BqTufd8J.js → 304 (414ms, 36B)
[2026-08-28T23:25:08.226Z] GET https://os.virtuals.io/assets/overview-DTNXP-MT.js → 304 (432ms, 37B)
[2026-08-28T23:25:08.226Z] GET https://os.virtuals.io/assets/concepts-DHMVr9pV.js → 304 (431ms, 37B)
[2026-08-28T23:25:08.226Z] GET https://os.virtuals.io/assets/client-workflow-f7pyXeg_.js → 304 (426ms, 38B)
[2026-08-28T23:25:08.228Z] GET https://os.virtuals.io/assets/provider-workflow-BDkMePEd.js → 304 (412ms, 38B)
[2026-08-28T23:25:08.228Z] GET https://os.virtuals.io/assets/acp-serve-Ctnw6kXB.js → 304 (426ms, 37B)
[2026-08-28T23:25:08.228Z] GET https://os.virtuals.io/assets/event-streaming-DTUWBekO.js → 304 (427ms, 37B)
[2026-08-28T23:25:08.228Z] GET https://os.virtuals.io/assets/capital-formation-for-founders-CwwwGWAq.js → 304 (424ms, 37B)
[2026-08-28T23:25:08.228Z] GET https://os.virtuals.io/assets/request-for-agents-C_RaLnGZ.js → 304 (430ms, 37B)
[2026-08-28T23:25:08.229Z] GET https://os.virtuals.io/assets/showcase-contribute-DvqAx9lN.js → 304 (426ms, 37B)
[2026-08-28T23:25:08.229Z] GET https://os.virtuals.io/assets/reference-DyIdaSIq.js → 304 (423ms, 37B)
[2026-08-28T23:25:09.191Z] POST https://a.clarity.ms/collect → pending (?ms, ?B)
[2026-08-28T23:25:12.834Z] POST https://www.google-analytics.com/g/collect?v=2&tid=G-X3WPR1RQ33&gtm=45je68q1v9254826298z89254816126za20gzb9254816126zd9254816126&_p=1787959507729&gcd=13l3l3l3l1l1&npa=0&dma=0&_eu=AAAAAAQ&are=1&cid=595836455.1787959414&frm=0&ngs=1&pscdl=noapi&rcb=19&sr=1280x720&uaa=arm&uab=64&uafvl=Not%253AA-Brand%3B99.0.0.0%7CHeadlessChrome%3B145.0.7632.6%7CChromium%3B145.0.7632.6&uam=&uamb=0&uap=macOS&uapv=26.5.2&uaw=0&ul=en-us&_s=1&tag_exp=115938466~115938469~118897920~118897930~119259606~120385422~120763597&sid=1787959413&sct=1&seg=1&dl=https%3A%2F%2Fos.virtuals.io%2Facp%2Farchitecture%2F&dt=Architecture%20%E2%80%93%20EconomyOS&en=page_view&tfd=5869 → 204 (171ms, ?B)
[2026-08-28T23:25:19.076Z] GET https://os.virtuals.io/acp/cli/getting-started/ → pending (?ms, ?B)
[2026-08-28T23:25:19.532Z] POST https://www.google-analytics.com/g/collect?v=2&tid=G-X3WPR1RQ33&gtm=45je68q1v9254826298za20gzb9254816126zd9254816126&_p=1787959507729&gcd=13l3l3l3l1l1&npa=0&dma=0&_eu=AAAAAAQ&are=1&cid=595836455.1787959414&frm=0&ngs=1&pscdl=noapi&rcb=19&sr=1280x720&uaa=arm&uab=64&uafvl=Not%253AA-Brand%3B99.0.0.0%7CHeadlessChrome%3B145.0.7632.6%7CChromium%3B145.0.7632.6&uam=&uamb=0&uap=macOS&uapv=26.5.2&uaw=0&ul=en-us&_s=2&tag_exp=115938466~115938469~118897920~118897930~119259606~120385422~120763597&sid=1787959413&sct=1&seg=1&dl=https%3A%2F%2Fos.virtuals.io%2Facp%2Farchitecture%2F&dt=Architecture%20%E2%80%93%20EconomyOS&en=user_engagement&_et=11710&tfd=12579 → pending (?ms, ?B)
[2026-08-28T23:25:19.532Z] POST https://a.clarity.ms/collect → pending (?ms, ?B)
[2026-08-28T23:25:19.535Z] POST https://www.google.com/g/collect?v=2&tid=G-X3WPR1RQ33&gtm=45je68q1v9254826298za20gzb9254816126zd9254816126&_p=1787959507729&gcd=13l3l3l3l1l1&npa=0&dma=0&_eu=AAAAAAQ&are=1&cid=595836455.1787959414&frm=0&ngs=1&pscdl=noapi&rcb=19&sr=1280x720&uaa=arm&uab=64&uafvl=Not%253AA-Brand%3B99.0.0.0%7CHeadlessChrome%3B145.0.7632.6%7CChromium%3B145.0.7632.6&uam=&uamb=0&uap=macOS&uapv=26.5.2&uaw=0&ul=en-us&_s=2&tag_exp=115938466~115938469~118897920~118897930~119259606~120385422~120763597&sid=1787959413&sct=1&seg=1&dl=https%3A%2F%2Fos.virtuals.io%2Facp%2Farchitecture%2F&dt=Architecture%20%E2%80%93%20EconomyOS&en=user_engagement&_et=11710&tfd=12579&gaf=1 → pending (?ms, ?B)
[2026-08-28T23:25:19.536Z] GET https://os.virtuals.io/initializeTheme.iife.js → 200 (408ms, 340B)
[2026-08-28T23:25:19.536Z] GET https://os.virtuals.io/assets/index-bNe0gOtP.js → 304 (455ms, 61B)
[2026-08-28T23:25:19.536Z] GET https://os.virtuals.io/assets/style-BUSooU6V.css → 304 (406ms, 37B)
[2026-08-28T23:25:19.948Z] GET https://www.googletagmanager.com/gtm.js?id=GTM-TNP7WWPB → 200 (?ms, -568B)
[2026-08-28T23:25:19.949Z] GET https://fonts.googleapis.com/css2?family=Manrope:wght@500;600;700;800&display=swap → 200 (?ms, -698B)
[2026-08-28T23:25:19.965Z] GET https://fonts.gstatic.com/s/manrope/v20/xn7gYHE41ni1AdIRggexSvfedN4.woff2 → 200 (1ms, -814B)
[2026-08-28T23:25:19.966Z] GET https://os.virtuals.io/.vocs/icons/link.svg → pending (?ms, ?B)
[2026-08-28T23:25:19.974Z] GET https://www.googletagmanager.com/gtag/js?id=G-X3WPR1RQ33&cx=c&gtm=4e68q1 → 200 (?ms, -522B)
[2026-08-28T23:25:19.974Z] GET https://www.clarity.ms/tag/x3mqy81uyv?ref=gtm → 200 (224ms, 570B)
[2026-08-28T23:25:19.989Z] POST https://www.google-analytics.com/g/collect?v=2&tid=G-X3WPR1RQ33&gtm=45je68q1v9254826298z89254816126za20gzb9254816126zd9254816126&_p=1787959519944&gcd=13l3l3l3l1l1&npa=0&dma=0&_eu=AAAAAAQ&are=1&cid=595836455.1787959414&frm=0&ngs=1&pscdl=noapi&rcb=10&sr=1280x720&uaa=arm&uab=64&uafvl=Not%253AA-Brand%3B99.0.0.0%7CHeadlessChrome%3B145.0.7632.6%7CChromium%3B145.0.7632.6&uam=&uamb=0&uap=macOS&uapv=26.5.2&uaw=0&ul=en-us&_s=1&tag_exp=115616986~115938466~115938469~118897920~118897930~120385422~120763598&sid=1787959413&sct=1&seg=1&dl=https%3A%2F%2Fos.virtuals.io%2Facp%2Fcli%2Fgetting-started%2F&dt=CLI%20Getting%20Started%20%E2%80%93%20EconomyOS&en=page_view&tfd=916 → 204 (193ms, ?B)
[2026-08-28T23:25:19.995Z] GET https://os.virtuals.io/assets/getting-started-BjIBDH2v.js → pending (?ms, ?B)
[2026-08-28T23:25:20.199Z] GET https://scripts.clarity.ms/0.8.69/clarity.js → 200 (?ms, -501B)
[2026-08-28T23:25:20.304Z] POST https://a.clarity.ms/collect → 204 (241ms, ?B)
[2026-08-28T23:25:20.440Z] GET https://os.virtuals.io/.vocs/search-index-2a8d4e4a.json → 200 (373ms, ?B)
[2026-08-28T23:25:20.440Z] GET https://os.virtuals.io/quickstart → 200 (374ms, 10479B)
[2026-08-28T23:25:20.453Z] GET https://os.virtuals.io/assets/index-Dqt5uLhz.js → pending (?ms, ?B)
[2026-08-28T23:25:20.453Z] GET https://os.virtuals.io/assets/LandingHeader-DTkIthHY.js → 304 (363ms, 37B)
[2026-08-28T23:25:20.453Z] GET https://os.virtuals.io/assets/community-DRDJFviT.js → pending (?ms, ?B)
[2026-08-28T23:25:20.453Z] GET https://os.virtuals.io/assets/quickstart-C2F0VYoj.js → pending (?ms, ?B)
[2026-08-28T23:25:20.453Z] GET https://os.virtuals.io/assets/console-B3_3H52e.js → pending (?ms, ?B)
[2026-08-28T23:25:20.453Z] GET https://os.virtuals.io/assets/overview-Bn-tYCXG.js → pending (?ms, ?B)
[2026-08-28T23:25:20.453Z] GET https://os.virtuals.io/assets/overview-BpBSTjEB.js → pending (?ms, ?B)
[2026-08-28T23:25:20.453Z] GET https://os.virtuals.io/assets/overview-CTD2ZD1a.js → pending (?ms, ?B)
[2026-08-28T23:25:20.453Z] GET https://os.virtuals.io/assets/overview-DFUGrb0e.js → pending (?ms, ?B)
[2026-08-28T23:25:20.453Z] GET https://os.virtuals.io/assets/overview-DquZ4Jue.js → pending (?ms, ?B)
[2026-08-28T23:25:20.453Z] GET https://os.virtuals.io/assets/trading-2sn-l03j.js → pending (?ms, ?B)
[2026-08-28T23:25:20.454Z] GET https://os.virtuals.io/assets/overview-BLiBQDSu.js → pending (?ms, ?B)
[2026-08-28T23:25:20.454Z] GET https://os.virtuals.io/assets/models-BqTufd8J.js → pending (?ms, ?B)
[2026-08-28T23:25:20.819Z] POST https://www.google-analytics.com/g/collect?v=2&tid=G-X3WPR1RQ33&gtm=45je68q1v9254826298za20gzb9254816126zd9254816126&_p=1787959519944&gcd=13l3l3l3l1l1&npa=0&dma=0&_eu=AEAAAAQ&ae=a&are=1&cid=595836455.1787959414&frm=0&ngs=1&pscdl=noapi&rcb=10&sr=1280x720&uaa=arm&uab=64&uafvl=Not%253AA-Brand%3B99.0.0.0%7CHeadlessChrome%3B145.0.7632.6%7CChromium%3B145.0.7632.6&uam=&uamb=0&uap=macOS&uapv=26.5.2&uaw=0&ul=en-us&_s=2&tag_exp=115616986~115938466~115938469~118897920~118897930~120385422~120763598&sid=1787959413&sct=1&seg=1&dl=https%3A%2F%2Fos.virtuals.io%2Facp%2Fcli%2Fgetting-started%2F&dt=CLI%20Getting%20Started%20%E2%80%93%20EconomyOS&en=scroll&epn.percent_scrolled=90&_et=1&tfd=1746 → pending (?ms, ?B)
[2026-08-28T23:25:20.819Z] POST https://a.clarity.ms/collect → pending (?ms, ?B)
[2026-08-28T23:25:20.821Z] POST https://www.google.com/g/collect?v=2&tid=G-X3WPR1RQ33&gtm=45je68q1v9254826298za20gzb9254816126zd9254816126&_p=1787959519944&gcd=13l3l3l3l1l1&npa=0&dma=0&_eu=AEAAAAQ&ae=a&are=1&cid=595836455.1787959414&frm=0&ngs=1&pscdl=noapi&rcb=10&sr=1280x720&uaa=arm&uab=64&uafvl=Not%253AA-Brand%3B99.0.0.0%7CHeadlessChrome%3B145.0.7632.6%7CChromium%3B145.0.7632.6&uam=&uamb=0&uap=macOS&uapv=26.5.2&uaw=0&ul=en-us&_s=2&tag_exp=115616986~115938466~115938469~118897920~118897930~120385422~120763598&sid=1787959413&sct=1&seg=1&dl=https%3A%2F%2Fos.virtuals.io%2Facp%2Fcli%2Fgetting-started%2F&dt=CLI%20Getting%20Started%20%E2%80%93%20EconomyOS&en=scroll&epn.percent_scrolled=90&_et=1&tfd=1746&gaf=1 → pending (?ms, ?B)
[2026-08-28T23:25:20.842Z] GET https://os.virtuals.io/initializeTheme.iife.js → 200 (383ms, 340B)
[2026-08-28T23:25:20.842Z] GET https://os.virtuals.io/assets/index-bNe0gOtP.js → pending (?ms, ?B)
[2026-08-28T23:25:20.842Z] GET https://os.virtuals.io/assets/style-BUSooU6V.css → 304 (383ms, 62B)
[2026-08-28T23:25:21.233Z] GET https://www.googletagmanager.com/gtm.js?id=GTM-TNP7WWPB → 200 (?ms, -568B)
[2026-08-28T23:25:21.233Z] GET https://fonts.googleapis.com/css2?family=Manrope:wght@500;600;700;800&display=swap → 200 (1ms, -698B)
[2026-08-28T23:25:21.263Z] GET https://fonts.gstatic.com/s/manrope/v20/xn7gYHE41ni1AdIRggexSvfedN4.woff2 → 200 (?ms, -814B)
[2026-08-28T23:25:21.263Z] GET https://os.virtuals.io/.vocs/icons/link.svg → 304 (550ms, 37B)
[2026-08-28T23:25:21.264Z] GET https://os.virtuals.io/assets/quickstart-C2F0VYoj.js → 200 (551ms, 4672B)
[2026-08-28T23:25:21.272Z] GET https://www.googletagmanager.com/gtag/js?id=G-X3WPR1RQ33&cx=c&gtm=4e68q1 → 200 (?ms, -522B)
[2026-08-28T23:25:21.272Z] GET https://www.clarity.ms/tag/x3mqy81uyv?ref=gtm → 200 (384ms, 570B)
[2026-08-28T23:25:21.656Z] GET https://scripts.clarity.ms/0.8.69/clarity.js → 200 (?ms, -501B)
[2026-08-28T23:25:21.763Z] POST https://a.clarity.ms/collect → pending (?ms, ?B)
[2026-08-28T23:25:21.833Z] GET https://os.virtuals.io/.vocs/search-index-2a8d4e4a.json → pending (?ms, ?B)
[2026-08-28T23:25:21.846Z] GET https://os.virtuals.io/assets/index-Dqt5uLhz.js → pending (?ms, ?B)
[2026-08-28T23:25:21.846Z] GET https://os.virtuals.io/assets/LandingHeader-DTkIthHY.js → pending (?ms, ?B)
[2026-08-28T23:25:21.847Z] GET https://os.virtuals.io/assets/community-DRDJFviT.js → pending (?ms, ?B)
[2026-08-28T23:25:21.847Z] GET https://os.virtuals.io/assets/console-B3_3H52e.js → pending (?ms, ?B)
[2026-08-28T23:25:21.847Z] GET https://os.virtuals.io/assets/overview-Bn-tYCXG.js → pending (?ms, ?B)
[2026-08-28T23:25:21.847Z] GET https://os.virtuals.io/assets/overview-BpBSTjEB.js → pending (?ms, ?B)
[2026-08-28T23:25:21.847Z] GET https://os.virtuals.io/assets/overview-CTD2ZD1a.js → pending (?ms, ?B)
[2026-08-28T23:25:21.847Z] GET https://os.virtuals.io/assets/overview-DFUGrb0e.js → pending (?ms, ?B)
[2026-08-28T23:25:21.847Z] GET https://os.virtuals.io/assets/overview-DquZ4Jue.js → pending (?ms, ?B)
[2026-08-28T23:25:21.847Z] GET https://os.virtuals.io/assets/trading-2sn-l03j.js → pending (?ms, ?B)
[2026-08-28T23:25:21.847Z] GET https://os.virtuals.io/assets/overview-BLiBQDSu.js → pending (?ms, ?B)
[2026-08-28T23:25:21.847Z] GET https://os.virtuals.io/assets/models-BqTufd8J.js → pending (?ms, ?B)
[2026-08-28T23:25:21.847Z] GET https://os.virtuals.io/assets/getting-started-CtO4w8x1.js → pending (?ms, ?B)
[2026-08-28T23:25:22.824Z] POST https://a.clarity.ms/collect → 204 (277ms, ?B)
[2026-08-28T23:25:26.295Z] POST https://www.google-analytics.com/g/collect?v=2&tid=G-X3WPR1RQ33&gtm=45je68q1v9254826298z89254816126za20gzb9254816126zd9254816126&_p=1787959521224&gcd=13l3l3l3l1l1&npa=0&dma=0&_eu=AAAAAAQ&are=1&cid=595836455.1787959414&frm=0&ngs=1&pscdl=noapi&rcb=7&sr=1280x720&uaa=arm&uab=64&uafvl=Not%253AA-Brand%3B99.0.0.0%7CHeadlessChrome%3B145.0.7632.6%7CChromium%3B145.0.7632.6&uam=&uamb=0&uap=macOS&uapv=26.5.2&uaw=0&ul=en-us&_s=1&tag_exp=115616985~115938466~115938469~118897920~118897930~119259606~120385422&sid=1787959413&sct=1&seg=1&dl=https%3A%2F%2Fos.virtuals.io%2Fquickstart&dr=https%3A%2F%2Fos.virtuals.io%2Facp%2Fcli%2Fgetting-started%2F&dt=Quickstart%20%E2%80%93%20EconomyOS&en=page_view&tfd=5848 → 204 (162ms, ?B)
[2026-08-28T23:25:30.352Z] GET https://os.virtuals.io/quickstart → 200 (369ms, 60B)
[2026-08-28T23:25:30.754Z] POST https://www.google-analytics.com/g/collect?v=2&tid=G-X3WPR1RQ33&gtm=45je68q1v9254826298za20gzb9254816126zd9254816126&_p=1787959521224&gcd=13l3l3l3l1l1&npa=0&dma=0&_eu=AAAAAAQ&are=1&cid=595836455.1787959414&frm=0&ngs=1&pscdl=noapi&rcb=7&sr=1280x720&uaa=arm&uab=64&uafvl=Not%253AA-Brand%3B99.0.0.0%7CHeadlessChrome%3B145.0.7632.6%7CChromium%3B145.0.7632.6&uam=&uamb=0&uap=macOS&uapv=26.5.2&uaw=0&ul=en-us&_s=2&tag_exp=115616985~115938466~115938469~118897920~118897930~119259606~120385422&sid=1787959413&sct=1&seg=1&dl=https%3A%2F%2Fos.virtuals.io%2Fquickstart&dr=https%3A%2F%2Fos.virtuals.io%2Facp%2Fcli%2Fgetting-started%2F&dt=Quickstart%20%E2%80%93%20EconomyOS&en=user_engagement&_et=9444&tfd=10302 → pending (?ms, ?B)
[2026-08-28T23:25:30.754Z] POST https://a.clarity.ms/collect → pending (?ms, ?B)
[2026-08-28T23:25:30.757Z] POST https://www.google.com/g/collect?v=2&tid=G-X3WPR1RQ33&gtm=45je68q1v9254826298za20gzb9254816126zd9254816126&_p=1787959521224&gcd=13l3l3l3l1l1&npa=0&dma=0&_eu=AAAAAAQ&are=1&cid=595836455.1787959414&frm=0&ngs=1&pscdl=noapi&rcb=7&sr=1280x720&uaa=arm&uab=64&uafvl=Not%253AA-Brand%3B99.0.0.0%7CHeadlessChrome%3B145.0.7632.6%7CChromium%3B145.0.7632.6&uam=&uamb=0&uap=macOS&uapv=26.5.2&uaw=0&ul=en-us&_s=2&tag_exp=115616985~115938466~115938469~118897920~118897930~119259606~120385422&sid=1787959413&sct=1&seg=1&dl=https%3A%2F%2Fos.virtuals.io%2Fquickstart&dr=https%3A%2F%2Fos.virtuals.io%2Facp%2Fcli%2Fgetting-started%2F&dt=Quickstart%20%E2%80%93%20EconomyOS&en=user_engagement&_et=9444&tfd=10302&gaf=1 → pending (?ms, ?B)
[2026-08-28T23:25:30.762Z] GET https://os.virtuals.io/initializeTheme.iife.js → 200 (368ms, 339B)
[2026-08-28T23:25:30.762Z] GET https://os.virtuals.io/assets/index-bNe0gOtP.js → 304 (397ms, 37B)
[2026-08-28T23:25:30.762Z] GET https://os.virtuals.io/assets/style-BUSooU6V.css → 304 (367ms, 61B)
[2026-08-28T23:25:31.134Z] GET https://www.googletagmanager.com/gtm.js?id=GTM-TNP7WWPB → 200 (1ms, -568B)
[2026-08-28T23:25:31.135Z] GET https://fonts.googleapis.com/css2?family=Manrope:wght@500;600;700;800&display=swap → 200 (?ms, -698B)
[2026-08-28T23:25:31.158Z] GET https://fonts.gstatic.com/s/manrope/v20/xn7gYHE41ni1AdIRggexSvfedN4.woff2 → 200 (?ms, -814B)
[2026-08-28T23:25:31.158Z] GET https://os.virtuals.io/.vocs/icons/link.svg → pending (?ms, ?B)
[2026-08-28T23:25:31.164Z] GET https://os.virtuals.io/assets/quickstart-C2F0VYoj.js → pending (?ms, ?B)
[2026-08-28T23:25:31.176Z] GET https://www.googletagmanager.com/gtag/js?id=G-X3WPR1RQ33&cx=c&gtm=4e68q1 → 200 (?ms, -522B)
[2026-08-28T23:25:31.177Z] GET https://www.clarity.ms/tag/x3mqy81uyv?ref=gtm → pending (?ms, ?B)
[2026-08-28T23:25:31.411Z] GET https://scripts.clarity.ms/0.8.69/clarity.js → 200 (1ms, -501B)
[2026-08-28T23:25:31.517Z] POST https://a.clarity.ms/collect → 204 (242ms, ?B)
[2026-08-28T23:25:31.627Z] GET https://os.virtuals.io/.vocs/search-index-2a8d4e4a.json → 200 (354ms, 61B)
[2026-08-28T23:25:31.632Z] GET https://os.virtuals.io/assets/index-Dqt5uLhz.js → 304 (381ms, 37B)
[2026-08-28T23:25:31.633Z] GET https://os.virtuals.io/assets/LandingHeader-DTkIthHY.js → 304 (378ms, 37B)
[2026-08-28T23:25:31.633Z] GET https://os.virtuals.io/assets/community-DRDJFviT.js → 304 (378ms, 37B)
[2026-08-28T23:25:31.633Z] GET https://os.virtuals.io/assets/console-B3_3H52e.js → 304 (378ms, 37B)
[2026-08-28T23:25:31.634Z] GET https://os.virtuals.io/assets/overview-Bn-tYCXG.js → 304 (378ms, 36B)
[2026-08-28T23:25:31.634Z] GET https://os.virtuals.io/assets/overview-BpBSTjEB.js → 304 (377ms, 37B)
[2026-08-28T23:25:31.634Z] GET https://os.virtuals.io/assets/overview-CTD2ZD1a.js → 304 (379ms, 37B)
[2026-08-28T23:25:31.634Z] GET https://os.virtuals.io/assets/overview-DFUGrb0e.js → 304 (377ms, 36B)
[2026-08-28T23:25:31.634Z] GET https://os.virtuals.io/assets/overview-DquZ4Jue.js → 304 (378ms, 38B)
[2026-08-28T23:25:31.634Z] GET https://os.virtuals.io/assets/trading-2sn-l03j.js → 304 (378ms, 37B)
[2026-08-28T23:25:31.634Z] GET https://os.virtuals.io/assets/overview-BLiBQDSu.js → 304 (378ms, 37B)
[2026-08-28T23:25:31.634Z] GET https://os.virtuals.io/assets/models-BqTufd8J.js → 304 (381ms, 37B)
[2026-08-28T23:25:31.634Z] GET https://os.virtuals.io/assets/getting-started-CtO4w8x1.js → 304 (379ms, 37B)
[2026-08-28T23:25:32.637Z] POST https://a.clarity.ms/collect → 204 (317ms, ?B)
[2026-08-28T23:25:36.206Z] POST https://www.google-analytics.com/g/collect?v=2&tid=G-X3WPR1RQ33&gtm=45je68q1v9254826298z89254816126za20gzb9254816126zd9254816126&_p=1787959531130&gcd=13l3l3l3l1l1&npa=0&dma=0&_eu=AAAAAAQ&are=1&cid=595836455.1787959414&frm=0&ngs=1&pscdl=noapi&rcb=16&sr=1280x720&uaa=arm&uab=64&uafvl=Not%253AA-Brand%3B99.0.0.0%7CHeadlessChrome%3B145.0.7632.6%7CChromium%3B145.0.7632.6&uam=&uamb=0&uap=macOS&uapv=26.5.2&uaw=0&ul=en-us&_s=1&tag_exp=115616985~115938465~115938468~118897920~118897930~119259606~120385423&sid=1787959413&sct=1&seg=1&dl=https%3A%2F%2Fos.virtuals.io%2Fquickstart&dt=Quickstart%20%E2%80%93%20EconomyOS&en=page_view&tfd=5840 → pending (?ms, ?B)
[2026-08-28T23:25:59.434Z] GET https://os.virtuals.io/llms-full.txt → 200 (399ms, 53656B)
[2026-08-28T23:25:59.869Z] POST https://www.google-analytics.com/g/collect?v=2&tid=G-X3WPR1RQ33&gtm=45je68q1v9254826298za20gzb9254816126zd9254816126&_p=1787959531130&gcd=13l3l3l3l1l1&npa=0&dma=0&_eu=AAAAAAQ&are=1&cid=595836455.1787959414&frm=0&ngs=1&pscdl=noapi&rcb=16&sr=1280x720&uaa=arm&uab=64&uafvl=Not%253AA-Brand%3B99.0.0.0%7CHeadlessChrome%3B145.0.7632.6%7CChromium%3B145.0.7632.6&uam=&uamb=0&uap=macOS&uapv=26.5.2&uaw=0&ul=en-us&_s=2&tag_exp=115616985~115938465~115938468~118897920~118897930~119259606~120385423&sid=1787959413&sct=1&seg=1&dl=https%3A%2F%2Fos.virtuals.io%2Fquickstart&dt=Quickstart%20%E2%80%93%20EconomyOS&en=user_engagement&_et=28659&tfd=29509 → pending (?ms, ?B)
[2026-08-28T23:25:59.869Z] POST https://a.clarity.ms/collect → pending (?ms, ?B)
[2026-08-28T23:25:59.876Z] POST https://www.google.com/g/collect?v=2&tid=G-X3WPR1RQ33&gtm=45je68q1v9254826298za20gzb9254816126zd9254816126&_p=1787959531130&gcd=13l3l3l3l1l1&npa=0&dma=0&_eu=AAAAAAQ&are=1&cid=595836455.1787959414&frm=0&ngs=1&pscdl=noapi&rcb=16&sr=1280x720&uaa=arm&uab=64&uafvl=Not%253AA-Brand%3B99.0.0.0%7CHeadlessChrome%3B145.0.7632.6%7CChromium%3B145.0.7632.6&uam=&uamb=0&uap=macOS&uapv=26.5.2&uaw=0&ul=en-us&_s=2&tag_exp=115616985~115938465~115938468~118897920~118897930~119259606~120385423&sid=1787959413&sct=1&seg=1&dl=https%3A%2F%2Fos.virtuals.io%2Fquickstart&dt=Quickstart%20%E2%80%93%20EconomyOS&en=user_engagement&_et=28659&tfd=29509&gaf=1 → pending (?ms, ?B)
